OrderID,OrderDate,CustomerName,City,Product,Category,Sales,Quantity,Profit,Discount
1000,2024-02-28,Kiran Patel,Ahmedabad,T-shirt,Fashion,45508,4,7371,0.06
1001,2024-03-17,Rohit Kumar,Delhi,Shoes,Fashion,22113,4,2501,0.11
1002,2024-04-13,Rahul Sharma,Mumbai,Watch,Accessories,30235,5,2308,0.12
1003,2024-05-24,Anjali Mehta,Bangalore,Headphones,Electronics,54805,3,3465,0.13
1004,2024-05-28,Sunil Yadav,Kolkata,T-shirt,Fashion,3600,5,354,0.25
1005,2024-06-12,Sunil Yadav,Kolkata,Mobile,Electronics,31947,5,3318,0.23
1006,2024-04-14,Rohit Kumar,Kolkata,Shoes,Fashion,53773,3,9367,0.28
1007,2024-03-16,Pooja Singh,Delhi,Watch,Accessories,39830,4,7771,0.19
1008,2024-05-12,Pooja Singh,Chennai,Shoes,Fashion,35875,3,1875,0.22
1009,2024-03-20,Pooja Singh,Bangalore,Shoes,Fashion,36969,5,4200,0.29
1010,2024-06-21,Priya Singh,Hyderabad,Shoes,Fashion,34932,3,6853,0.28
1011,2024-01-21,Pooja Singh,Chennai,Watch,Accessories,14599,4,1356,0.05
1012,2024-05-28,Anjali Mehta,Mumbai,Shoes,Fashion,22706,5,1938,0.17
1013,2024-03-01,Neha Gupta,Bangalore,T-shirt,Fashion,43899,3,5389,0.27
1014,2024-06-08,Rohit Kumar,Hyderabad,Bag,Accessories,46618,3,5473,0.28
1015,2024-01-06,Anjali Mehta,Mumbai,Bag,Accessories,27499,3,1682,0.28
1016,2024-05-31,Anjali Mehta,Hyderabad,T-shirt,Fashion,49148,5,5346,0.21
1017,2024-02-13,Kiran Patel,Hyderabad,T-shirt,Fashion,57670,2,5433,0.28
1018,2024-02-05,Anjali Mehta,Chennai,Watch,Accessories,54168,5,9010,0.26
1019,2024-05-17,Amit Verma,Bangalore,T-shirt,Fashion,58637,1,6246,0.12
1020,2024-01-16,Rahul Sharma,Hyderabad,Laptop,Electronics,35518,1,6466,0.07
1021,2024-06-19,Amit Verma,Ahmedabad,Bag,Accessories,55440,2,10206,0.23
1022,2024-06-18,Priya Singh,Delhi,Shoes,Fashion,4515,1,880,0.27
1023,2024-01-02,Anjali Mehta,Ahmedabad,Mobile,Electronics,13138,1,1059,0.25
1024,2024-02-02,Pooja Singh,Chennai,Laptop,Electronics,53043,4,8746,0.24
1025,2024-06-20,Amit Verma,Bangalore,Mobile,Electronics,14717,1,1410,0.1
1026,2024-04-21,Rohit Kumar,Ahmedabad,Shoes,Fashion,3683,4,638,0.13
1027,2024-04-13,Priya Singh,Chennai,Bag,Accessories,31490,4,6009,0.3
1028,2024-05-12,Neha Gupta,Delhi,Watch,Accessories,10861,2,1496,0.11
1029,2024-05-11,Rahul Sharma,Ahmedabad,Shoes,Fashion,42247,3,7967,0.13
1030,2024-01-23,Rohit Kumar,Delhi,Headphones,Electronics,29376,1,2719,0.28
1031,2024-01-28,Pooja Singh,Bangalore,Laptop,Electronics,23720,1,2535,0.09
1032,2024-05-23,Rahul Sharma,Hyderabad,Laptop,Electronics,57839,5,11218,0.16
1033,2024-03-26,Kiran Patel,Kolkata,Bag,Accessories,47332,2,7432,0.12
1034,2024-01-27,Rajesh Gupta,Mumbai,Mobile,Electronics,13774,4,1381,0.23
1035,2024-02-26,Pooja Singh,Hyderabad,Headphones,Electronics,8193,3,848,0.25
1036,2024-02-27,Rahul Sharma,Bangalore,Bag,Accessories,49351,1,5205,0.23
1037,2024-05-13,Neha Gupta,Kolkata,Mobile,Electronics,26824,2,2792,0.06
1038,2024-05-02,Neha Gupta,Bangalore,Watch,Accessories,30251,1,3937,0.11
1039,2024-03-18,Rohit Kumar,Ahmedabad,Bag,Accessories,9074,4,1520,0.18
1040,2024-02-24,Rahul Sharma,Bangalore,Watch,Accessories,2776,3,302,0.2
1041,2024-05-07,Anjali Mehta,Kolkata,Laptop,Electronics,45678,1,8620,0.08
1042,2024-02-20,Amit Verma,Mumbai,Laptop,Electronics,21621,2,2172,0.07
1043,2024-02-16,Neha Gupta,Delhi,Mobile,Electronics,14175,4,1759,0.14
1044,2024-01-01,Neha Gupta,Hyderabad,T-shirt,Fashion,58459,4,9794,0.08
1045,2024-04-13,Pooja Singh,Mumbai,Watch,Accessories,51872,1,6987,0.27
1046,2024-03-01,Pooja Singh,Delhi,T-shirt,Fashion,46674,4,2370,0.14
1047,2024-06-07,Anjali Mehta,Ahmedabad,Shoes,Fashion,48108,4,7279,0.14
1048,2024-01-27,Anjali Mehta,Bangalore,Shoes,Fashion,47914,3,8435,0.18
1049,2024-01-09,Sunil Yadav,Mumbai,Mobile,Electronics,36794,2,7088,0.28
1050,2024-03-20,Kiran Patel,Ahmedabad,Bag,Accessories,45054,1,4999,0.25
1051,2024-05-10,Neha Gupta,Chennai,Headphones,Electronics,1602,4,252,0.2
1052,2024-05-16,Rohit Kumar,Mumbai,Headphones,Electronics,17518,2,3499,0.25
1053,2024-04-09,Kiran Patel,Ahmedabad,Watch,Accessories,55169,5,7827,0.11
1054,2024-02-15,Kiran Patel,Hyderabad,Shoes,Fashion,55993,1,7283,0.17
1055,2024-01-30,Rohit Kumar,Kolkata,Laptop,Electronics,34344,1,3878,0.24
1056,2024-01-25,Rahul Sharma,Mumbai,Shoes,Fashion,33475,5,2470,0.29
1057,2024-03-11,Rahul Sharma,Mumbai,Headphones,Electronics,57022,3,9521,0.27
1058,2024-02-26,Sunil Yadav,Hyderabad,Watch,Accessories,58798,2,5832,0.2
1059,2024-04-14,Kiran Patel,Ahmedabad,Shoes,Fashion,10240,5,1650,0.15
1060,2024-01-25,Amit Verma,Chennai,Headphones,Electronics,17646,3,1115,0.11
1061,2024-06-21,Sunil Yadav,Ahmedabad,Mobile,Electronics,54977,1,7772,0.14
1062,2024-03-25,Anjali Mehta,Chennai,Headphones,Electronics,28242,1,5220,0.06
1063,2024-05-14,Priya Singh,Bangalore,Bag,Accessories,34627,4,4224,0.27
1064,2024-03-17,Neha Gupta,Hyderabad,Laptop,Electronics,9169,1,1529,0.15
1065,2024-03-27,Kiran Patel,Chennai,Watch,Accessories,45561,1,9030,0.14
1066,2024-02-11,Pooja Singh,Delhi,Bag,Accessories,49000,5,6123,0.29
1067,2024-03-06,Rohit Kumar,Mumbai,Headphones,Electronics,13867,1,961,0.17
1068,2024-06-05,Neha Gupta,Delhi,Shoes,Fashion,27539,2,2736,0.25
1069,2024-06-09,Anjali Mehta,Delhi,T-shirt,Fashion,44245,3,2587,0.19
1070,2024-04-04,Pooja Singh,Delhi,Mobile,Electronics,51039,4,5913,0.15
1071,2024-03-19,Amit Verma,Bangalore,Watch,Accessories,2736,5,280,0.23
1072,2024-04-08,Priya Singh,Ahmedabad,Headphones,Electronics,45968,2,3665,0.24
1073,2024-04-05,Rajesh Gupta,Mumbai,Laptop,Electronics,22575,4,1292,0.21
1074,2024-03-08,Kiran Patel,Chennai,Bag,Accessories,40595,1,5579,0.09
1075,2024-02-06,Anjali Mehta,Ahmedabad,Bag,Accessories,30316,4,2968,0.16
1076,2024-06-12,Anjali Mehta,Bangalore,Laptop,Electronics,15225,4,1262,0.28
1077,2024-01-22,Priya Singh,Chennai,Shoes,Fashion,49824,4,6811,0.11
1078,2024-01-27,Rajesh Gupta,Delhi,Shoes,Fashion,2859,4,529,0.07
1079,2024-01-12,Kiran Patel,Bangalore,Watch,Accessories,57347,4,7689,0.08
1080,2024-04-12,Sunil Yadav,Bangalore,Laptop,Electronics,6498,4,1102,0.17
1081,2024-03-16,Rajesh Gupta,Mumbai,T-shirt,Fashion,13504,5,2102,0.09
1082,2024-01-04,Sunil Yadav,Hyderabad,Shoes,Fashion,4384,3,858,0.13
1083,2024-02-09,Rajesh Gupta,Chennai,Laptop,Electronics,39911,2,3950,0.23
1084,2024-01-04,Priya Singh,Mumbai,Watch,Accessories,3374,1,234,0.19
1085,2024-06-21,Priya Singh,Hyderabad,Bag,Accessories,11315,4,1386,0.15
1086,2024-06-24,Rohit Kumar,Bangalore,Headphones,Electronics,54644,4,6486,0.12
1087,2024-05-13,Rahul Sharma,Mumbai,Mobile,Electronics,32352,3,2452,0.21
1088,2024-05-25,Kiran Patel,Mumbai,Shoes,Fashion,38084,4,6476,0.2
1089,2024-06-14,Rohit Kumar,Chennai,T-shirt,Fashion,14339,5,749,0.2
1090,2024-04-04,Pooja Singh,Hyderabad,Headphones,Electronics,10945,1,1444,0.17
1091,2024-04-23,Sunil Yadav,Kolkata,Watch,Accessories,54359,4,7649,0.12
1092,2024-05-03,Amit Verma,Hyderabad,Mobile,Electronics,29124,3,5169,0.11
1093,2024-05-16,Kiran Patel,Chennai,Bag,Accessories,22186,1,3671,0.2
1094,2024-06-02,Pooja Singh,Chennai,T-shirt,Fashion,14349,3,1165,0.27
1095,2024-05-27,Amit Verma,Ahmedabad,Laptop,Electronics,58970,2,4837,0.23
1096,2024-04-02,Rajesh Gupta,Delhi,Headphones,Electronics,9524,3,1090,0.29
1097,2024-06-03,Amit Verma,Kolkata,Bag,Accessories,37626,3,3272,0.09
1098,2024-03-16,Priya Singh,Mumbai,T-shirt,Fashion,14541,4,2370,0.16
1099,2024-01-23,Priya Singh,Chennai,Bag,Accessories,17758,2,917,0.18
1100,2024-02-16,Pooja Singh,Chennai,Mobile,Electronics,42252,3,3975,0.21
1101,2024-04-10,Neha Gupta,Bangalore,Laptop,Electronics,15629,2,1341,0.15
1102,2024-05-08,Anjali Mehta,Delhi,T-shirt,Fashion,16319,1,2246,0.22
1103,2024-04-04,Rajesh Gupta,Kolkata,Headphones,Electronics,29041,4,3034,0.24
1104,2024-02-12,Priya Singh,Bangalore,Headphones,Electronics,10539,2,1546,0.17
1105,2024-05-11,Rohit Kumar,Mumbai,T-shirt,Fashion,918,3,166,0.2
1106,2024-04-23,Amit Verma,Hyderabad,Laptop,Electronics,16297,1,2530,0.24
1107,2024-03-18,Amit Verma,Delhi,Laptop,Electronics,45991,2,8187,0.28
1108,2024-02-27,Amit Verma,Kolkata,T-shirt,Fashion,9930,3,1080,0.25
1109,2024-01-31,Pooja Singh,Hyderabad,T-shirt,Fashion,11888,5,1966,0.05
1110,2024-05-19,Neha Gupta,Delhi,Bag,Accessories,25867,3,1529,0.09
1111,2024-06-28,Amit Verma,Hyderabad,Laptop,Electronics,35426,2,4179,0.25
1112,2024-05-17,Kiran Patel,Kolkata,Mobile,Electronics,36610,2,3834,0.28
1113,2024-04-24,Kiran Patel,Delhi,Mobile,Electronics,12409,2,1360,0.14
1114,2024-06-27,Neha Gupta,Ahmedabad,Headphones,Electronics,34819,1,2041,0.14
1115,2024-04-17,Anjali Mehta,Kolkata,Watch,Accessories,53307,1,9687,0.16
1116,2024-05-06,Priya Singh,Mumbai,Mobile,Electronics,51171,4,4650,0.29
1117,2024-01-30,Anjali Mehta,Chennai,Headphones,Electronics,38713,1,2812,0.12
1118,2024-03-28,Rohit Kumar,Kolkata,Shoes,Fashion,21245,3,1549,0.19
1119,2024-03-15,Sunil Yadav,Hyderabad,Headphones,Electronics,52715,2,7686,0.12
1120,2024-05-01,Rohit Kumar,Hyderabad,Bag,Accessories,17381,1,1251,0.13
1121,2024-05-08,Kiran Patel,Chennai,T-shirt,Fashion,18786,4,1390,0.16
1122,2024-06-18,Neha Gupta,Bangalore,Headphones,Electronics,35453,1,4758,0.21
1123,2024-01-01,Rahul Sharma,Ahmedabad,Mobile,Electronics,10116,3,1694,0.09
1124,2024-03-19,Rahul Sharma,Hyderabad,Mobile,Electronics,42896,2,6459,0.24
1125,2024-03-09,Anjali Mehta,Hyderabad,Shoes,Fashion,33456,2,6173,0.15
1126,2024-03-25,Kiran Patel,Delhi,Laptop,Electronics,36138,4,3487,0.13
1127,2024-05-27,Amit Verma,Delhi,Shoes,Fashion,57703,1,3631,0.2
1128,2024-03-29,Amit Verma,Bangalore,Mobile,Electronics,16377,5,929,0.25
1129,2024-01-03,Priya Singh,Ahmedabad,Bag,Accessories,28320,2,4239,0.05
1130,2024-06-25,Neha Gupta,Chennai,Watch,Accessories,31644,1,3774,0.11
1131,2024-01-25,Anjali Mehta,Mumbai,Mobile,Electronics,9943,2,1539,0.2
1132,2024-02-16,Rohit Kumar,Ahmedabad,Headphones,Electronics,26719,2,1799,0.07
1133,2024-01-01,Pooja Singh,Bangalore,T-shirt,Fashion,1734,1,171,0.2
1134,2024-04-03,Rahul Sharma,Delhi,Headphones,Electronics,31096,1,3458,0.18
1135,2024-02-06,Rohit Kumar,Hyderabad,Bag,Accessories,53977,1,7674,0.27
1136,2024-02-09,Anjali Mehta,Mumbai,Headphones,Electronics,56539,3,8797,0.16
1137,2024-04-14,Kiran Patel,Hyderabad,Headphones,Electronics,5719,1,812,0.13
1138,2024-05-03,Pooja Singh,Hyderabad,Shoes,Fashion,27433,5,3999,0.24
1139,2024-06-12,Neha Gupta,Bangalore,Laptop,Electronics,10883,5,2153,0.27
1140,2024-03-24,Rajesh Gupta,Mumbai,Bag,Accessories,29394,3,4577,0.13
1141,2024-01-29,Amit Verma,Mumbai,Watch,Accessories,57948,4,10772,0.18
1142,2024-06-09,Rahul Sharma,Ahmedabad,Laptop,Electronics,15993,3,2761,0.2
1143,2024-04-16,Kiran Patel,Kolkata,T-shirt,Fashion,48727,2,4796,0.14
1144,2024-05-21,Sunil Yadav,Hyderabad,Bag,Accessories,10440,5,1403,0.09
1145,2024-06-25,Anjali Mehta,Ahmedabad,Bag,Accessories,50653,5,2796,0.13
1146,2024-03-30,Rahul Sharma,Delhi,Shoes,Fashion,13350,3,2510,0.1
1147,2024-02-01,Kiran Patel,Bangalore,Bag,Accessories,13119,4,1646,0.11
1148,2024-05-20,Amit Verma,Delhi,Shoes,Fashion,52362,5,3200,0.12
1149,2024-04-12,Anjali Mehta,Hyderabad,Headphones,Electronics,45304,1,4123,0.05
1150,2024-01-31,Amit Verma,Delhi,Laptop,Electronics,21032,4,2073,0.29
1151,2024-03-12,Sunil Yadav,Chennai,Shoes,Fashion,21652,1,1232,0.23
1152,2024-05-02,Rajesh Gupta,Delhi,Shoes,Fashion,30492,4,2538,0.13
1153,2024-06-25,Neha Gupta,Hyderabad,Bag,Accessories,39457,1,6669,0.24
1154,2024-01-03,Priya Singh,Bangalore,T-shirt,Fashion,4667,2,857,0.19
1155,2024-05-22,Rohit Kumar,Ahmedabad,Watch,Accessories,41511,2,6165,0.15
1156,2024-04-07,Priya Singh,Kolkata,Bag,Accessories,21680,3,3121,0.14
1157,2024-04-05,Rahul Sharma,Hyderabad,Bag,Accessories,45048,2,7731,0.26
1158,2024-03-17,Rohit Kumar,Chennai,Shoes,Fashion,44001,2,5664,0.21
1159,2024-03-23,Neha Gupta,Kolkata,Mobile,Electronics,1182,5,152,0.1
1160,2024-06-01,Rahul Sharma,Ahmedabad,Bag,Accessories,34015,5,4600,0.2
1161,2024-06-06,Anjali Mehta,Delhi,T-shirt,Fashion,22508,1,3081,0.07
1162,2024-03-22,Anjali Mehta,Chennai,Shoes,Fashion,49210,1,5775,0.05
1163,2024-03-09,Neha Gupta,Hyderabad,Shoes,Fashion,47682,5,8764,0.12
1164,2024-03-16,Amit Verma,Mumbai,Shoes,Fashion,58268,2,9119,0.2
1165,2024-04-05,Priya Singh,Mumbai,Mobile,Electronics,40566,4,4240,0.16
1166,2024-01-25,Neha Gupta,Delhi,Watch,Accessories,21859,2,3784,0.11
1167,2024-05-18,Kiran Patel,Ahmedabad,T-shirt,Fashion,30438,4,5179,0.26
1168,2024-04-05,Priya Singh,Hyderabad,Shoes,Fashion,3442,4,216,0.09
1169,2024-06-26,Rajesh Gupta,Chennai,Watch,Accessories,12088,5,1785,0.22
1170,2024-06-15,Rahul Sharma,Chennai,Bag,Accessories,45570,3,4808,0.24
1171,2024-03-15,Pooja Singh,Mumbai,T-shirt,Fashion,26649,1,3905,0.13
1172,2024-02-27,Neha Gupta,Mumbai,Mobile,Electronics,39565,3,2213,0.11
1173,2024-05-29,Pooja Singh,Ahmedabad,Mobile,Electronics,47769,3,2601,0.13
1174,2024-04-16,Anjali Mehta,Ahmedabad,Bag,Accessories,22193,1,2041,0.28
1175,2024-06-22,Rahul Sharma,Mumbai,Bag,Accessories,47078,5,8558,0.19
1176,2024-04-21,Amit Verma,Ahmedabad,Bag,Accessories,37819,5,2501,0.06
1177,2024-03-18,Anjali Mehta,Chennai,Headphones,Electronics,53924,3,9302,0.12
1178,2024-06-19,Pooja Singh,Hyderabad,Bag,Accessories,42452,2,7754,0.06
1179,2024-06-17,Priya Singh,Mumbai,Watch,Accessories,28955,5,4696,0.25
1180,2024-03-19,Rajesh Gupta,Hyderabad,Bag,Accessories,6300,4,422,0.1
1181,2024-01-05,Rohit Kumar,Chennai,Watch,Accessories,12601,1,838,0.3
1182,2024-01-27,Neha Gupta,Ahmedabad,Watch,Accessories,42728,3,3771,0.15
1183,2024-06-14,Anjali Mehta,Hyderabad,Shoes,Fashion,52898,2,8479,0.19
1184,2024-01-29,Kiran Patel,Bangalore,Watch,Accessories,45594,2,7726,0.05
1185,2024-05-03,Priya Singh,Mumbai,Laptop,Electronics,26882,5,2570,0.27
1186,2024-01-26,Sunil Yadav,Hyderabad,Shoes,Fashion,54350,3,7332,0.28
1187,2024-01-22,Rahul Sharma,Kolkata,T-shirt,Fashion,10485,2,1933,0.28
1188,2024-01-14,Kiran Patel,Bangalore,Laptop,Electronics,28136,5,2181,0.25
1189,2024-03-26,Anjali Mehta,Hyderabad,Mobile,Electronics,46864,4,4166,0.21
1190,2024-06-01,Anjali Mehta,Hyderabad,Headphones,Electronics,49449,1,7568,0.08
1191,2024-04-10,Kiran Patel,Ahmedabad,Mobile,Electronics,16196,2,1500,0.07
1192,2024-06-27,Priya Singh,Chennai,T-shirt,Fashion,45630,5,7432,0.19
1193,2024-05-08,Rahul Sharma,Chennai,Bag,Accessories,9138,3,669,0.16
1194,2024-03-09,Kiran Patel,Bangalore,Bag,Accessories,15818,3,793,0.26
1195,2024-06-08,Sunil Yadav,Hyderabad,Watch,Accessories,56484,4,6968,0.16
1196,2024-06-03,Sunil Yadav,Mumbai,Mobile,Electronics,35054,3,2037,0.08
1197,2024-02-19,Priya Singh,Delhi,Laptop,Electronics,44710,1,4784,0.09
1198,2024-01-09,Anjali Mehta,Kolkata,Laptop,Electronics,52918,3,9694,0.28
1199,2024-05-14,Neha Gupta,Delhi,T-shirt,Fashion,9410,1,1201,0.11
1200,2024-05-13,Rajesh Gupta,Mumbai,Shoes,Fashion,46589,2,7705,0.12
1201,2024-03-09,Rohit Kumar,Ahmedabad,Headphones,Electronics,38883,4,7378,0.19
1202,2024-04-29,Rohit Kumar,Bangalore,Bag,Accessories,29083,4,2684,0.05
1203,2024-05-22,Neha Gupta,Kolkata,Shoes,Fashion,11567,5,1475,0.2
1204,2024-06-16,Priya Singh,Hyderabad,Shoes,Fashion,54697,2,5177,0.09
1205,2024-03-16,Neha Gupta,Hyderabad,Mobile,Electronics,58796,2,8917,0.19
1206,2024-04-28,Kiran Patel,Hyderabad,Shoes,Fashion,16798,1,946,0.11
1207,2024-06-23,Anjali Mehta,Kolkata,Watch,Accessories,6860,5,1271,0.16
1208,2024-06-10,Rahul Sharma,Chennai,Headphones,Electronics,41786,5,6923,0.15
1209,2024-01-03,Rohit Kumar,Chennai,Laptop,Electronics,25008,5,4619,0.27
1210,2024-05-09,Kiran Patel,Chennai,Laptop,Electronics,33188,5,6497,0.12
1211,2024-01-18,Amit Verma,Kolkata,Shoes,Fashion,57941,5,3786,0.11
1212,2024-06-28,Neha Gupta,Ahmedabad,Watch,Accessories,6581,1,490,0.25
1213,2024-06-06,Priya Singh,Chennai,Watch,Accessories,12326,3,2268,0.06
1214,2024-02-27,Priya Singh,Mumbai,Laptop,Electronics,16478,2,1250,0.15
1215,2024-03-31,Neha Gupta,Chennai,T-shirt,Fashion,18562,5,2863,0.28
1216,2024-02-20,Kiran Patel,Hyderabad,T-shirt,Fashion,34459,5,2621,0.09
1217,2024-01-14,Rahul Sharma,Hyderabad,Headphones,Electronics,7301,2,480,0.2
1218,2024-04-13,Anjali Mehta,Ahmedabad,Headphones,Electronics,44223,3,3508,0.09
1219,2024-04-07,Anjali Mehta,Mumbai,Bag,Accessories,51142,5,5955,0.26
1220,2024-03-08,Pooja Singh,Delhi,Mobile,Electronics,28790,3,4919,0.27
1221,2024-02-13,Rahul Sharma,Chennai,Bag,Accessories,20835,4,2805,0.26
1222,2024-02-18,Priya Singh,Delhi,Mobile,Electronics,35918,1,6684,0.08
1223,2024-04-30,Priya Singh,Hyderabad,Bag,Accessories,57811,1,10532,0.1
1224,2024-03-07,Neha Gupta,Bangalore,Laptop,Electronics,28118,5,3887,0.18
1225,2024-05-14,Rajesh Gupta,Ahmedabad,Watch,Accessories,38519,4,7090,0.19
1226,2024-06-26,Sunil Yadav,Hyderabad,Shoes,Fashion,19231,2,2768,0.18
1227,2024-02-08,Kiran Patel,Kolkata,T-shirt,Fashion,27235,3,3642,0.26
1228,2024-03-12,Rajesh Gupta,Kolkata,Headphones,Electronics,10092,4,1082,0.12
1229,2024-03-06,Rajesh Gupta,Hyderabad,Shoes,Fashion,40124,3,5254,0.23
1230,2024-06-02,Anjali Mehta,Bangalore,Mobile,Electronics,6657,3,846,0.1
1231,2024-02-14,Rohit Kumar,Hyderabad,Bag,Accessories,26412,2,1561,0.16
1232,2024-05-26,Priya Singh,Ahmedabad,Mobile,Electronics,32595,1,5723,0.3
1233,2024-01-27,Anjali Mehta,Bangalore,Shoes,Fashion,1755,3,130,0.26
1234,2024-02-04,Priya Singh,Delhi,Shoes,Fashion,54598,1,6657,0.25
1235,2024-02-21,Neha Gupta,Delhi,T-shirt,Fashion,6777,1,858,0.09
1236,2024-03-29,Pooja Singh,Delhi,Shoes,Fashion,6709,4,352,0.18
1237,2024-06-02,Rahul Sharma,Chennai,T-shirt,Fashion,49664,3,6266,0.14
1238,2024-02-07,Anjali Mehta,Mumbai,Laptop,Electronics,21866,3,3155,0.17
1239,2024-02-09,Rajesh Gupta,Mumbai,Mobile,Electronics,56682,2,8573,0.1
1240,2024-06-22,Rahul Sharma,Chennai,Headphones,Electronics,45495,4,8939,0.09
1241,2024-05-25,Amit Verma,Chennai,Watch,Accessories,38363,3,4517,0.08
1242,2024-02-23,Pooja Singh,Kolkata,Mobile,Electronics,53460,1,7644,0.12
1243,2024-03-18,Rajesh Gupta,Delhi,Shoes,Fashion,31768,4,4097,0.15
1244,2024-03-18,Rohit Kumar,Delhi,Watch,Accessories,30171,1,4719,0.25
1245,2024-02-03,Amit Verma,Chennai,Watch,Accessories,736,4,120,0.18
1246,2024-05-01,Sunil Yadav,Ahmedabad,Bag,Accessories,12765,2,2032,0.09
1247,2024-02-23,Pooja Singh,Bangalore,Laptop,Electronics,23992,4,2855,0.29
1248,2024-04-22,Rohit Kumar,Ahmedabad,T-shirt,Fashion,661,5,95,0.26
1249,2024-05-25,Amit Verma,Mumbai,Mobile,Electronics,4369,3,698,0.14
1250,2024-02-07,Rohit Kumar,Bangalore,Shoes,Fashion,25596,2,4015,0.16
1251,2024-02-24,Sunil Yadav,Delhi,Headphones,Electronics,4664,3,542,0.28
1252,2024-02-09,Priya Singh,Mumbai,Bag,Accessories,57614,5,3659,0.18
1253,2024-03-13,Rajesh Gupta,Hyderabad,Shoes,Fashion,48453,1,9521,0.29
1254,2024-04-15,Neha Gupta,Ahmedabad,Mobile,Electronics,12621,4,1976,0.2
1255,2024-04-23,Pooja Singh,Ahmedabad,Watch,Accessories,25441,3,1677,0.28
1256,2024-06-09,Amit Verma,Kolkata,Laptop,Electronics,7731,2,699,0.09
1257,2024-04-23,Amit Verma,Delhi,T-shirt,Fashion,1828,3,293,0.3
1258,2024-05-19,Anjali Mehta,Kolkata,Watch,Accessories,47372,3,7155,0.06
1259,2024-03-19,Kiran Patel,Chennai,Bag,Accessories,29884,4,1997,0.22
1260,2024-01-18,Rahul Sharma,Ahmedabad,Watch,Accessories,48255,2,9427,0.23
1261,2024-03-28,Rohit Kumar,Delhi,Watch,Accessories,23361,4,4469,0.09
1262,2024-05-18,Rajesh Gupta,Bangalore,Bag,Accessories,20280,2,2333,0.23
1263,2024-05-14,Pooja Singh,Ahmedabad,Shoes,Fashion,33481,5,2807,0.14
1264,2024-04-09,Priya Singh,Ahmedabad,Watch,Accessories,33712,5,5691,0.08
1265,2024-02-11,Neha Gupta,Kolkata,Shoes,Fashion,53226,2,2912,0.2
1266,2024-04-02,Kiran Patel,Hyderabad,T-shirt,Fashion,56441,3,4400,0.05
1267,2024-06-19,Sunil Yadav,Chennai,T-shirt,Fashion,4861,3,363,0.12
1268,2024-02-25,Rohit Kumar,Chennai,Watch,Accessories,55179,2,9259,0.19
1269,2024-03-02,Amit Verma,Ahmedabad,Bag,Accessories,54941,4,6211,0.24
1270,2024-04-07,Rahul Sharma,Ahmedabad,T-shirt,Fashion,5279,1,842,0.25
1271,2024-03-26,Neha Gupta,Hyderabad,Laptop,Electronics,30260,3,2353,0.18
1272,2024-02-25,Kiran Patel,Ahmedabad,Mobile,Electronics,29320,4,2844,0.19
1273,2024-01-20,Rohit Kumar,Delhi,T-shirt,Fashion,54992,1,7690,0.07
1274,2024-04-29,Kiran Patel,Mumbai,Watch,Accessories,15070,3,2452,0.23
1275,2024-04-26,Rahul Sharma,Kolkata,Bag,Accessories,10124,3,1667,0.1
1276,2024-01-06,Rajesh Gupta,Chennai,Shoes,Fashion,6005,1,675,0.23
1277,2024-04-17,Rajesh Gupta,Kolkata,Headphones,Electronics,35667,1,7008,0.27
1278,2024-05-18,Kiran Patel,Hyderabad,Watch,Accessories,1183,1,70,0.06
1279,2024-04-30,Rahul Sharma,Mumbai,Watch,Accessories,24224,5,1963,0.16
1280,2024-06-21,Pooja Singh,Ahmedabad,Shoes,Fashion,33277,1,3597,0.09
1281,2024-03-14,Neha Gupta,Kolkata,Shoes,Fashion,25917,4,1950,0.13
1282,2024-04-26,Rohit Kumar,Bangalore,Laptop,Electronics,47238,2,2798,0.12
1283,2024-01-15,Sunil Yadav,Chennai,Bag,Accessories,16274,1,1527,0.19
1284,2024-06-27,Rohit Kumar,Bangalore,Watch,Accessories,1818,4,223,0.29
1285,2024-04-26,Rajesh Gupta,Kolkata,Bag,Accessories,53360,4,3442,0.07
1286,2024-01-01,Kiran Patel,Ahmedabad,Laptop,Electronics,52445,5,5017,0.23
1287,2024-04-23,Rahul Sharma,Hyderabad,Shoes,Fashion,53422,3,3635,0.1
1288,2024-03-19,Rajesh Gupta,Mumbai,Laptop,Electronics,43128,2,4498,0.25
1289,2024-05-19,Pooja Singh,Hyderabad,Laptop,Electronics,5993,2,1013,0.12
1290,2024-02-12,Rohit Kumar,Hyderabad,Mobile,Electronics,47620,2,3954,0.28
1291,2024-02-17,Priya Singh,Hyderabad,Headphones,Electronics,16765,2,3024,0.24
1292,2024-04-18,Rahul Sharma,Mumbai,Laptop,Electronics,16687,3,2766,0.14
1293,2024-01-18,Amit Verma,Delhi,Mobile,Electronics,9693,1,1141,0.09
1294,2024-04-01,Neha Gupta,Kolkata,T-shirt,Fashion,50649,3,5065,0.18
1295,2024-06-15,Neha Gupta,Chennai,Bag,Accessories,37981,2,3810,0.21
1296,2024-04-07,Kiran Patel,Bangalore,Headphones,Electronics,3049,5,391,0.22
1297,2024-05-30,Sunil Yadav,Kolkata,Laptop,Electronics,45295,1,7881,0.12
1298,2024-06-13,Pooja Singh,Hyderabad,Mobile,Electronics,2136,2,115,0.21
1299,2024-02-07,Neha Gupta,Ahmedabad,Headphones,Electronics,6058,1,586,0.13
1300,2024-01-31,Rajesh Gupta,Ahmedabad,Mobile,Electronics,58616,1,10920,0.17
1301,2024-04-17,Pooja Singh,Hyderabad,Headphones,Electronics,10479,2,610,0.13
1302,2024-04-29,Rahul Sharma,Bangalore,Shoes,Fashion,57409,2,3616,0.06
1303,2024-05-27,Rahul Sharma,Mumbai,Watch,Accessories,47820,5,8234,0.15
1304,2024-06-04,Amit Verma,Delhi,T-shirt,Fashion,30009,1,3010,0.14
1305,2024-04-18,Neha Gupta,Mumbai,Mobile,Electronics,45173,5,7311,0.21
1306,2024-06-21,Kiran Patel,Chennai,Mobile,Electronics,43409,3,2905,0.29
1307,2024-01-18,Kiran Patel,Delhi,T-shirt,Fashion,13849,4,1424,0.23
1308,2024-01-29,Priya Singh,Mumbai,Laptop,Electronics,54278,1,8242,0.12
1309,2024-01-24,Anjali Mehta,Chennai,Headphones,Electronics,37059,4,2731,0.06
1310,2024-04-26,Pooja Singh,Ahmedabad,Bag,Accessories,24006,2,1429,0.29
1311,2024-01-13,Rahul Sharma,Mumbai,Laptop,Electronics,816,1,104,0.25
1312,2024-05-18,Rahul Sharma,Hyderabad,Mobile,Electronics,32380,3,5359,0.18
1313,2024-01-20,Pooja Singh,Delhi,Headphones,Electronics,23384,4,1734,0.05
1314,2024-01-30,Rajesh Gupta,Chennai,Laptop,Electronics,18226,3,2445,0.28
1315,2024-04-29,Pooja Singh,Mumbai,Laptop,Electronics,13746,4,1458,0.29
1316,2024-01-23,Pooja Singh,Bangalore,Mobile,Electronics,23563,3,3079,0.08
1317,2024-02-21,Pooja Singh,Mumbai,Mobile,Electronics,36168,2,7150,0.29
1318,2024-05-08,Priya Singh,Chennai,Shoes,Fashion,6063,3,839,0.12
1319,2024-05-30,Rahul Sharma,Ahmedabad,Bag,Accessories,53717,2,6185,0.19
1320,2024-05-30,Anjali Mehta,Delhi,Laptop,Electronics,54040,2,7650,0.21
1321,2024-03-25,Sunil Yadav,Delhi,Headphones,Electronics,30964,4,2672,0.28
1322,2024-06-09,Pooja Singh,Bangalore,Headphones,Electronics,6911,2,886,0.05
1323,2024-02-19,Neha Gupta,Ahmedabad,Mobile,Electronics,27546,1,4490,0.21
1324,2024-02-16,Anjali Mehta,Delhi,T-shirt,Fashion,5148,2,713,0.17
1325,2024-05-04,Rahul Sharma,Bangalore,Watch,Accessories,9008,2,479,0.1
1326,2024-01-16,Amit Verma,Kolkata,Shoes,Fashion,8353,4,612,0.16
1327,2024-05-03,Priya Singh,Hyderabad,Watch,Accessories,41868,1,2546,0.19
1328,2024-06-24,Neha Gupta,Hyderabad,Watch,Accessories,47635,4,9471,0.28
1329,2024-03-14,Kiran Patel,Hyderabad,T-shirt,Fashion,40613,1,2922,0.23
1330,2024-03-16,Rajesh Gupta,Delhi,Bag,Accessories,38006,4,5473,0.29
1331,2024-06-27,Kiran Patel,Chennai,Watch,Accessories,32950,1,5665,0.17
1332,2024-01-01,Priya Singh,Ahmedabad,Headphones,Electronics,54587,1,7172,0.29
1333,2024-06-27,Neha Gupta,Kolkata,T-shirt,Fashion,46920,1,5342,0.18
1334,2024-04-07,Sunil Yadav,Bangalore,Bag,Accessories,12928,2,2035,0.23
1335,2024-06-13,Pooja Singh,Kolkata,Shoes,Fashion,19447,1,3494,0.08
1336,2024-03-29,Priya Singh,Bangalore,T-shirt,Fashion,41569,5,2628,0.06
1337,2024-06-04,Pooja Singh,Mumbai,Bag,Accessories,52233,3,6503,0.22
1338,2024-01-08,Amit Verma,Kolkata,Watch,Accessories,47691,4,3885,0.1
1339,2024-05-29,Rohit Kumar,Ahmedabad,Headphones,Electronics,20118,2,2806,0.1
1340,2024-02-08,Rohit Kumar,Delhi,T-shirt,Fashion,23046,3,3039,0.15
1341,2024-02-12,Amit Verma,Bangalore,Bag,Accessories,43938,1,8621,0.19
1342,2024-03-29,Rajesh Gupta,Delhi,Headphones,Electronics,58658,4,7798,0.13
1343,2024-05-19,Neha Gupta,Bangalore,T-shirt,Fashion,36451,4,2402,0.21
1344,2024-04-27,Anjali Mehta,Hyderabad,Watch,Accessories,12158,1,1484,0.09
1345,2024-01-16,Rahul Sharma,Mumbai,Headphones,Electronics,53201,4,5463,0.07
1346,2024-06-27,Kiran Patel,Kolkata,Mobile,Electronics,38302,2,1967,0.07
1347,2024-03-14,Anjali Mehta,Bangalore,Headphones,Electronics,5299,4,724,0.24
1348,2024-01-13,Kiran Patel,Bangalore,Laptop,Electronics,47812,5,5695,0.3
1349,2024-06-17,Anjali Mehta,Hyderabad,Laptop,Electronics,3565,2,341,0.09
1350,2024-03-04,Sunil Yadav,Bangalore,Watch,Accessories,36689,4,5423,0.19
1351,2024-03-21,Rahul Sharma,Delhi,Headphones,Electronics,40323,5,4237,0.13
1352,2024-06-01,Kiran Patel,Hyderabad,Shoes,Fashion,47040,2,6716,0.16
1353,2024-03-15,Kiran Patel,Chennai,Headphones,Electronics,23957,4,1907,0.26
1354,2024-01-13,Anjali Mehta,Delhi,Shoes,Fashion,33191,3,2957,0.15
1355,2024-03-28,Anjali Mehta,Delhi,Headphones,Electronics,21358,2,1529,0.08
1356,2024-01-05,Anjali Mehta,Bangalore,Laptop,Electronics,52678,3,7999,0.08
1357,2024-04-29,Anjali Mehta,Hyderabad,T-shirt,Fashion,55970,5,4804,0.22
1358,2024-02-08,Neha Gupta,Chennai,Watch,Accessories,10226,4,1902,0.2
1359,2024-02-10,Pooja Singh,Chennai,Shoes,Fashion,14238,1,910,0.27
1360,2024-06-09,Pooja Singh,Bangalore,Bag,Accessories,8849,2,713,0.17
1361,2024-02-12,Rajesh Gupta,Delhi,Laptop,Electronics,39479,1,5644,0.18
1362,2024-02-15,Rajesh Gupta,Ahmedabad,Bag,Accessories,1230,4,84,0.1
1363,2024-01-31,Anjali Mehta,Ahmedabad,Watch,Accessories,10942,3,1853,0.06
1364,2024-03-08,Kiran Patel,Bangalore,T-shirt,Fashion,3643,5,640,0.24
1365,2024-03-06,Anjali Mehta,Hyderabad,Shoes,Fashion,47000,3,2533,0.23
1366,2024-05-25,Pooja Singh,Hyderabad,Headphones,Electronics,43349,3,2674,0.07
1367,2024-06-17,Pooja Singh,Chennai,T-shirt,Fashion,47655,1,8681,0.15
1368,2024-04-05,Rohit Kumar,Mumbai,T-shirt,Fashion,24011,4,4480,0.09
1369,2024-06-26,Kiran Patel,Ahmedabad,Mobile,Electronics,4637,5,873,0.28
1370,2024-03-17,Rohit Kumar,Ahmedabad,Bag,Accessories,54705,2,7340,0.16
1371,2024-03-17,Rahul Sharma,Delhi,Mobile,Electronics,31708,3,4788,0.13
1372,2024-05-12,Rajesh Gupta,Mumbai,Watch,Accessories,57918,4,7352,0.06
1373,2024-04-13,Rahul Sharma,Kolkata,T-shirt,Fashion,19416,3,1561,0.07
1374,2024-03-24,Kiran Patel,Ahmedabad,T-shirt,Fashion,6682,5,498,0.19
1375,2024-06-22,Anjali Mehta,Bangalore,Laptop,Electronics,34000,5,3887,0.18
1376,2024-04-04,Kiran Patel,Chennai,Mobile,Electronics,40806,4,6051,0.06
1377,2024-03-26,Neha Gupta,Chennai,Headphones,Electronics,46379,5,6279,0.18
1378,2024-01-22,Sunil Yadav,Chennai,Mobile,Electronics,1153,1,100,0.15
1379,2024-06-06,Amit Verma,Kolkata,Headphones,Electronics,51854,2,7890,0.22
1380,2024-02-09,Neha Gupta,Bangalore,Bag,Accessories,49861,2,4556,0.23
1381,2024-05-06,Amit Verma,Hyderabad,Headphones,Electronics,34727,2,1755,0.24
1382,2024-04-26,Sunil Yadav,Bangalore,T-shirt,Fashion,1392,2,243,0.25
1383,2024-04-29,Rahul Sharma,Delhi,Mobile,Electronics,41765,5,3597,0.2
1384,2024-02-16,Neha Gupta,Ahmedabad,T-shirt,Fashion,44865,1,6454,0.18
1385,2024-05-09,Priya Singh,Mumbai,Laptop,Electronics,35945,2,6916,0.3
1386,2024-06-09,Priya Singh,Bangalore,Bag,Accessories,42295,4,5020,0.23
1387,2024-03-09,Pooja Singh,Mumbai,Headphones,Electronics,24780,3,3783,0.27
1388,2024-01-30,Neha Gupta,Mumbai,Shoes,Fashion,35020,3,6320,0.23
1389,2024-01-02,Rohit Kumar,Chennai,T-shirt,Fashion,30573,5,3428,0.22
1390,2024-04-12,Amit Verma,Bangalore,Headphones,Electronics,29179,5,1761,0.24
1391,2024-01-27,Priya Singh,Mumbai,Mobile,Electronics,37528,2,6097,0.27
1392,2024-05-10,Neha Gupta,Chennai,Laptop,Electronics,23914,5,4173,0.13
1393,2024-05-13,Kiran Patel,Kolkata,Mobile,Electronics,4640,3,416,0.08
1394,2024-03-04,Rahul Sharma,Chennai,Shoes,Fashion,36263,5,3062,0.12
1395,2024-03-11,Pooja Singh,Bangalore,Laptop,Electronics,6570,5,674,0.1
1396,2024-06-24,Rohit Kumar,Delhi,Shoes,Fashion,48247,1,7607,0.29
1397,2024-03-31,Priya Singh,Mumbai,Shoes,Fashion,46493,4,4469,0.21
1398,2024-02-16,Rohit Kumar,Mumbai,Watch,Accessories,26676,1,3803,0.26
1399,2024-03-09,Pooja Singh,Mumbai,Laptop,Electronics,3142,3,454,0.25
1400,2024-06-11,Sunil Yadav,Chennai,Shoes,Fashion,14593,3,1580,0.26
1401,2024-01-17,Rahul Sharma,Hyderabad,Shoes,Fashion,53178,3,5112,0.16
1402,2024-06-14,Rahul Sharma,Mumbai,Headphones,Electronics,50084,1,4985,0.24
1403,2024-05-12,Pooja Singh,Bangalore,Bag,Accessories,20461,1,2258,0.23
1404,2024-04-08,Pooja Singh,Hyderabad,Laptop,Electronics,41858,4,4047,0.07
1405,2024-03-22,Rajesh Gupta,Chennai,Shoes,Fashion,833,3,93,0.12
1406,2024-04-05,Neha Gupta,Ahmedabad,Bag,Accessories,2832,1,540,0.11
1407,2024-01-22,Rajesh Gupta,Hyderabad,Bag,Accessories,23982,2,1285,0.27
1408,2024-01-21,Rahul Sharma,Bangalore,T-shirt,Fashion,43844,4,5833,0.12
1409,2024-04-29,Amit Verma,Ahmedabad,T-shirt,Fashion,4444,3,706,0.29
1410,2024-05-10,Pooja Singh,Delhi,Mobile,Electronics,28638,2,4121,0.15
1411,2024-05-19,Kiran Patel,Hyderabad,Laptop,Electronics,11080,3,2136,0.2
1412,2024-03-16,Anjali Mehta,Chennai,Headphones,Electronics,14798,1,1325,0.07
1413,2024-06-19,Kiran Patel,Ahmedabad,T-shirt,Fashion,5775,2,446,0.16
1414,2024-03-03,Kiran Patel,Ahmedabad,Bag,Accessories,37925,2,2472,0.21
1415,2024-06-10,Sunil Yadav,Ahmedabad,Headphones,Electronics,30105,1,5287,0.07
1416,2024-06-24,Rohit Kumar,Mumbai,Laptop,Electronics,13163,2,840,0.09
1417,2024-03-28,Rajesh Gupta,Hyderabad,Watch,Accessories,45620,2,8111,0.14
1418,2024-06-18,Rajesh Gupta,Hyderabad,Shoes,Fashion,7480,4,810,0.22
1419,2024-05-17,Anjali Mehta,Mumbai,T-shirt,Fashion,40159,3,2466,0.21
1420,2024-06-12,Kiran Patel,Ahmedabad,Shoes,Fashion,4243,4,408,0.07
1421,2024-03-05,Rahul Sharma,Delhi,Laptop,Electronics,30827,4,2719,0.17
1422,2024-02-02,Priya Singh,Bangalore,T-shirt,Fashion,7830,4,909,0.15
1423,2024-03-29,Sunil Yadav,Bangalore,Watch,Accessories,8136,4,923,0.22
1424,2024-01-12,Neha Gupta,Chennai,Mobile,Electronics,58001,5,7937,0.08
1425,2024-05-04,Kiran Patel,Chennai,Bag,Accessories,37130,5,2076,0.27
1426,2024-02-11,Rahul Sharma,Chennai,Watch,Accessories,13260,1,1652,0.25
1427,2024-04-11,Sunil Yadav,Hyderabad,Mobile,Electronics,25823,2,4109,0.24
1428,2024-06-10,Amit Verma,Hyderabad,Bag,Accessories,53164,1,8301,0.1
1429,2024-01-21,Pooja Singh,Kolkata,Laptop,Electronics,2371,4,234,0.08
1430,2024-06-25,Anjali Mehta,Ahmedabad,Bag,Accessories,50965,3,7028,0.08
1431,2024-05-12,Anjali Mehta,Mumbai,Bag,Accessories,26797,1,2683,0.25
1432,2024-05-07,Pooja Singh,Ahmedabad,T-shirt,Fashion,49116,1,4999,0.11
1433,2024-03-11,Rohit Kumar,Hyderabad,Bag,Accessories,30036,4,3864,0.28
1434,2024-06-18,Rohit Kumar,Ahmedabad,Shoes,Fashion,4084,2,526,0.07
1435,2024-06-21,Neha Gupta,Chennai,T-shirt,Fashion,17395,5,1570,0.07
1436,2024-06-01,Priya Singh,Chennai,Laptop,Electronics,850,3,126,0.2
1437,2024-02-24,Rohit Kumar,Kolkata,Laptop,Electronics,22167,1,1746,0.27
1438,2024-03-23,Priya Singh,Bangalore,Headphones,Electronics,34746,4,5695,0.17
1439,2024-02-15,Amit Verma,Mumbai,Mobile,Electronics,2123,4,241,0.28
1440,2024-05-01,Kiran Patel,Delhi,Bag,Accessories,34824,5,4177,0.27
1441,2024-02-06,Rajesh Gupta,Chennai,Watch,Accessories,37852,1,3846,0.29
1442,2024-02-26,Neha Gupta,Chennai,Watch,Accessories,32032,3,5401,0.22
1443,2024-06-01,Rahul Sharma,Delhi,Laptop,Electronics,55963,1,4643,0.1
1444,2024-05-19,Rahul Sharma,Delhi,Mobile,Electronics,27800,1,3318,0.16
1445,2024-01-07,Rahul Sharma,Ahmedabad,Watch,Accessories,27741,3,1458,0.15
1446,2024-06-19,Pooja Singh,Kolkata,Watch,Accessories,52128,1,9884,0.07
1447,2024-03-08,Pooja Singh,Kolkata,T-shirt,Fashion,35402,4,2271,0.09
1448,2024-05-18,Priya Singh,Ahmedabad,Bag,Accessories,19688,5,1258,0.2
1449,2024-02-28,Amit Verma,Mumbai,Shoes,Fashion,6757,2,557,0.18
1450,2024-02-18,Rajesh Gupta,Kolkata,Shoes,Fashion,2849,3,524,0.18
1451,2024-03-26,Rahul Sharma,Bangalore,Mobile,Electronics,56686,2,9350,0.08
1452,2024-02-06,Rahul Sharma,Chennai,Bag,Accessories,7883,5,791,0.23
1453,2024-02-23,Pooja Singh,Hyderabad,Shoes,Fashion,42148,3,6694,0.18
1454,2024-01-13,Neha Gupta,Bangalore,Laptop,Electronics,32620,2,6179,0.19
1455,2024-01-27,Neha Gupta,Delhi,Laptop,Electronics,32018,4,5431,0.29
1456,2024-03-09,Priya Singh,Delhi,Watch,Accessories,22510,4,3225,0.1
1457,2024-02-25,Sunil Yadav,Ahmedabad,Laptop,Electronics,50263,3,3321,0.08
1458,2024-06-29,Sunil Yadav,Bangalore,Shoes,Fashion,18787,5,2022,0.16
1459,2024-01-14,Neha Gupta,Ahmedabad,Headphones,Electronics,56605,2,5551,0.07
1460,2024-01-14,Amit Verma,Mumbai,Shoes,Fashion,701,1,135,0.06
1461,2024-06-14,Kiran Patel,Delhi,Mobile,Electronics,53807,2,10493,0.2
1462,2024-04-10,Priya Singh,Bangalore,Laptop,Electronics,42365,4,6358,0.27
1463,2024-03-21,Priya Singh,Mumbai,Laptop,Electronics,18472,3,2358,0.16
1464,2024-06-16,Pooja Singh,Bangalore,Headphones,Electronics,49436,5,6254,0.2
1465,2024-04-07,Anjali Mehta,Chennai,Headphones,Electronics,25073,3,1818,0.25
1466,2024-03-26,Rahul Sharma,Delhi,Mobile,Electronics,38662,1,6761,0.21
1467,2024-04-18,Anjali Mehta,Bangalore,Bag,Accessories,58195,1,9696,0.12
1468,2024-03-18,Priya Singh,Ahmedabad,Headphones,Electronics,2185,3,129,0.2
1469,2024-04-04,Rajesh Gupta,Kolkata,Laptop,Electronics,39077,2,5671,0.29
1470,2024-03-02,Neha Gupta,Mumbai,Watch,Accessories,23616,1,3522,0.06
1471,2024-03-11,Rajesh Gupta,Chennai,Laptop,Electronics,37886,4,3775,0.11
1472,2024-03-23,Sunil Yadav,Hyderabad,Bag,Accessories,10027,1,1282,0.18
1473,2024-02-20,Amit Verma,Hyderabad,Shoes,Fashion,5073,3,602,0.19
1474,2024-04-24,Anjali Mehta,Hyderabad,Laptop,Electronics,12346,2,1487,0.22
1475,2024-03-11,Pooja Singh,Delhi,Mobile,Electronics,1487,1,150,0.08
1476,2024-05-14,Priya Singh,Delhi,T-shirt,Fashion,27304,4,5429,0.16
1477,2024-02-29,Rahul Sharma,Hyderabad,Watch,Accessories,54402,1,7319,0.21
1478,2024-03-02,Rajesh Gupta,Kolkata,Laptop,Electronics,15686,2,2054,0.28
1479,2024-03-04,Rohit Kumar,Kolkata,Laptop,Electronics,9543,4,1432,0.13
1480,2024-02-16,Rahul Sharma,Hyderabad,Bag,Accessories,14559,1,1930,0.27
1481,2024-04-18,Sunil Yadav,Bangalore,Mobile,Electronics,49523,4,3827,0.27
1482,2024-05-30,Pooja Singh,Kolkata,Watch,Accessories,40662,2,4227,0.09
1483,2024-02-10,Sunil Yadav,Mumbai,Mobile,Electronics,51470,1,6375,0.18
1484,2024-03-23,Priya Singh,Hyderabad,Shoes,Fashion,19326,5,1297,0.06
1485,2024-04-19,Amit Verma,Delhi,T-shirt,Fashion,27413,2,4164,0.17
1486,2024-01-16,Priya Singh,Kolkata,Headphones,Electronics,29326,5,1504,0.23
1487,2024-06-18,Amit Verma,Hyderabad,Watch,Accessories,35139,5,3824,0.22
1488,2024-04-10,Rohit Kumar,Mumbai,Mobile,Electronics,59448,2,7626,0.09
1489,2024-01-21,Amit Verma,Ahmedabad,Headphones,Electronics,55770,2,11035,0.08
1490,2024-05-04,Anjali Mehta,Mumbai,Watch,Accessories,10979,2,936,0.26
1491,2024-05-14,Anjali Mehta,Chennai,Watch,Accessories,18478,3,3072,0.05
1492,2024-05-10,Kiran Patel,Kolkata,Headphones,Electronics,52115,3,7814,0.17
1493,2024-04-06,Rajesh Gupta,Hyderabad,Watch,Accessories,36317,2,5505,0.22
1494,2024-06-13,Pooja Singh,Ahmedabad,Headphones,Electronics,45234,4,5518,0.16
1495,2024-02-15,Rajesh Gupta,Hyderabad,Laptop,Electronics,27669,4,5452,0.23
1496,2024-06-16,Rahul Sharma,Ahmedabad,Mobile,Electronics,47108,3,3349,0.28
1497,2024-04-08,Sunil Yadav,Ahmedabad,Laptop,Electronics,11053,3,1246,0.2
1498,2024-04-09,Rajesh Gupta,Kolkata,Laptop,Electronics,26056,5,4117,0.08
1499,2024-03-07,Pooja Singh,Chennai,Headphones,Electronics,17130,5,3047,0.18
1500,2024-01-04,Rajesh Gupta,Ahmedabad,Bag,Accessories,50265,1,7031,0.1
1501,2024-02-21,Pooja Singh,Hyderabad,Mobile,Electronics,57434,4,7766,0.13
1502,2024-02-06,Pooja Singh,Bangalore,Shoes,Fashion,22616,1,4251,0.17
1503,2024-03-24,Amit Verma,Hyderabad,Laptop,Electronics,6189,2,746,0.25
1504,2024-04-29,Pooja Singh,Hyderabad,Shoes,Fashion,12158,1,1939,0.1
1505,2024-05-14,Priya Singh,Mumbai,Shoes,Fashion,15943,3,1163,0.17
1506,2024-03-30,Anjali Mehta,Chennai,Bag,Accessories,21166,4,1673,0.12
1507,2024-03-13,Sunil Yadav,Chennai,Watch,Accessories,24329,5,2179,0.08
1508,2024-03-19,Rohit Kumar,Kolkata,Headphones,Electronics,18082,1,2785,0.07
1509,2024-05-22,Pooja Singh,Chennai,Bag,Accessories,37485,5,3788,0.14
1510,2024-04-10,Amit Verma,Chennai,Shoes,Fashion,17289,5,1483,0.23
1511,2024-03-24,Rahul Sharma,Chennai,T-shirt,Fashion,7286,4,452,0.16
1512,2024-05-01,Neha Gupta,Mumbai,T-shirt,Fashion,9814,3,869,0.12
1513,2024-02-18,Pooja Singh,Kolkata,Laptop,Electronics,33104,3,2718,0.28
1514,2024-02-18,Sunil Yadav,Hyderabad,T-shirt,Fashion,58118,4,5837,0.1
1515,2024-06-23,Amit Verma,Hyderabad,T-shirt,Fashion,49272,4,7730,0.25
1516,2024-01-01,Sunil Yadav,Chennai,Laptop,Electronics,6827,2,1046,0.27
1517,2024-04-08,Priya Singh,Ahmedabad,Headphones,Electronics,49851,3,8346,0.29
1518,2024-06-25,Amit Verma,Mumbai,Mobile,Electronics,24727,1,2639,0.11
1519,2024-01-02,Rahul Sharma,Bangalore,Watch,Accessories,42140,1,3212,0.17
1520,2024-03-01,Pooja Singh,Chennai,Headphones,Electronics,33159,3,2007,0.22
1521,2024-06-28,Priya Singh,Hyderabad,Mobile,Electronics,45582,3,4272,0.19
1522,2024-04-28,Kiran Patel,Kolkata,T-shirt,Fashion,21904,5,2901,0.22
1523,2024-02-09,Amit Verma,Mumbai,Shoes,Fashion,50802,2,7202,0.14
1524,2024-02-09,Rahul Sharma,Ahmedabad,T-shirt,Fashion,23518,4,3702,0.09
1525,2024-06-22,Rohit Kumar,Mumbai,Laptop,Electronics,45398,3,8399,0.22
1526,2024-05-28,Sunil Yadav,Ahmedabad,Bag,Accessories,4574,2,370,0.08
1527,2024-06-02,Neha Gupta,Delhi,Shoes,Fashion,33837,3,4930,0.14
1528,2024-06-21,Kiran Patel,Mumbai,T-shirt,Fashion,56906,3,6902,0.29
1529,2024-04-29,Rohit Kumar,Bangalore,Mobile,Electronics,19854,1,2101,0.06
1530,2024-04-13,Amit Verma,Delhi,Headphones,Electronics,42329,2,2902,0.16
1531,2024-02-24,Pooja Singh,Mumbai,Headphones,Electronics,55772,1,8748,0.18
1532,2024-02-17,Rahul Sharma,Ahmedabad,Headphones,Electronics,47527,3,5829,0.26
1533,2024-04-12,Pooja Singh,Chennai,Mobile,Electronics,37537,4,5498,0.2
1534,2024-06-26,Pooja Singh,Kolkata,Watch,Accessories,44357,1,6451,0.09
1535,2024-05-25,Pooja Singh,Mumbai,Bag,Accessories,11998,2,2017,0.22
1536,2024-05-23,Kiran Patel,Mumbai,Watch,Accessories,36495,3,4158,0.16
1537,2024-04-13,Priya Singh,Delhi,T-shirt,Fashion,50513,2,2546,0.12
1538,2024-01-02,Pooja Singh,Hyderabad,Mobile,Electronics,31826,1,4512,0.27
1539,2024-02-08,Anjali Mehta,Mumbai,Headphones,Electronics,24698,4,2202,0.26
1540,2024-01-22,Rohit Kumar,Delhi,Watch,Accessories,9357,3,584,0.21
1541,2024-05-06,Sunil Yadav,Ahmedabad,Headphones,Electronics,46322,3,3615,0.17
1542,2024-05-10,Pooja Singh,Delhi,T-shirt,Fashion,46556,2,6421,0.1
1543,2024-05-13,Pooja Singh,Bangalore,Shoes,Fashion,9080,5,781,0.28
1544,2024-02-02,Amit Verma,Chennai,Bag,Accessories,14783,5,2617,0.27
1545,2024-04-05,Sunil Yadav,Mumbai,T-shirt,Fashion,58653,1,7466,0.12
1546,2024-04-23,Neha Gupta,Bangalore,Watch,Accessories,57953,3,5965,0.25
1547,2024-05-11,Rahul Sharma,Ahmedabad,Laptop,Electronics,24107,3,1486,0.22
1548,2024-06-18,Sunil Yadav,Mumbai,Headphones,Electronics,5660,3,1019,0.17
1549,2024-04-21,Pooja Singh,Chennai,Laptop,Electronics,6400,3,773,0.22
1550,2024-03-20,Amit Verma,Hyderabad,Headphones,Electronics,52351,3,9592,0.09
1551,2024-05-29,Rahul Sharma,Bangalore,Mobile,Electronics,41006,4,4680,0.19
1552,2024-04-12,Rahul Sharma,Ahmedabad,Watch,Accessories,14183,2,2543,0.1
1553,2024-05-30,Rajesh Gupta,Kolkata,Headphones,Electronics,15012,2,1659,0.29
1554,2024-06-05,Amit Verma,Ahmedabad,Mobile,Electronics,12219,2,2079,0.3
1555,2024-04-28,Rajesh Gupta,Hyderabad,Headphones,Electronics,58568,3,6128,0.08
1556,2024-02-10,Amit Verma,Chennai,T-shirt,Fashion,15886,1,1467,0.14
1557,2024-03-10,Neha Gupta,Delhi,Shoes,Fashion,25080,2,2022,0.27
1558,2024-06-07,Neha Gupta,Delhi,Laptop,Electronics,51037,5,5784,0.2
1559,2024-05-13,Rahul Sharma,Kolkata,Watch,Accessories,50471,2,8854,0.21
1560,2024-01-14,Priya Singh,Delhi,Laptop,Electronics,36435,2,5021,0.12
1561,2024-01-08,Kiran Patel,Ahmedabad,Laptop,Electronics,47808,1,4827,0.27
1562,2024-01-10,Priya Singh,Bangalore,T-shirt,Fashion,50805,2,3661,0.19
1563,2024-04-04,Priya Singh,Delhi,T-shirt,Fashion,22503,4,1672,0.25
1564,2024-06-07,Neha Gupta,Chennai,Shoes,Fashion,22624,4,2661,0.19
1565,2024-04-19,Sunil Yadav,Chennai,Headphones,Electronics,16606,5,2403,0.28
1566,2024-01-08,Rajesh Gupta,Bangalore,Headphones,Electronics,25753,4,3254,0.12
1567,2024-01-31,Priya Singh,Kolkata,Headphones,Electronics,2488,3,363,0.16
1568,2024-01-28,Priya Singh,Kolkata,Bag,Accessories,58026,5,5956,0.26
1569,2024-01-25,Rohit Kumar,Ahmedabad,Laptop,Electronics,4006,1,771,0.1
1570,2024-04-29,Neha Gupta,Delhi,Laptop,Electronics,52452,1,4558,0.19
1571,2024-04-08,Sunil Yadav,Ahmedabad,Bag,Accessories,59181,2,8160,0.22
1572,2024-05-04,Neha Gupta,Bangalore,Mobile,Electronics,11414,5,1968,0.14
1573,2024-06-25,Priya Singh,Kolkata,Laptop,Electronics,48787,2,6946,0.22
1574,2024-02-25,Amit Verma,Chennai,Mobile,Electronics,30104,1,5775,0.23
1575,2024-01-13,Rohit Kumar,Ahmedabad,Watch,Accessories,10705,1,642,0.22
1576,2024-04-21,Kiran Patel,Mumbai,Laptop,Electronics,30958,1,2513,0.19
1577,2024-04-11,Rohit Kumar,Mumbai,T-shirt,Fashion,12052,5,1018,0.28
1578,2024-05-20,Rahul Sharma,Hyderabad,T-shirt,Fashion,2605,5,213,0.25
1579,2024-06-16,Rahul Sharma,Mumbai,Laptop,Electronics,23130,1,2653,0.19
1580,2024-02-07,Pooja Singh,Delhi,Bag,Accessories,29435,5,2504,0.2
1581,2024-06-19,Priya Singh,Hyderabad,Shoes,Fashion,54942,5,9310,0.26
1582,2024-03-01,Rahul Sharma,Ahmedabad,T-shirt,Fashion,21247,1,3114,0.12
1583,2024-06-15,Pooja Singh,Chennai,T-shirt,Fashion,34531,2,2595,0.11
1584,2024-05-05,Pooja Singh,Delhi,T-shirt,Fashion,47989,3,7558,0.12
1585,2024-03-21,Rohit Kumar,Chennai,T-shirt,Fashion,6583,5,1005,0.15
1586,2024-06-27,Sunil Yadav,Ahmedabad,T-shirt,Fashion,28545,2,5503,0.08
1587,2024-02-13,Rohit Kumar,Delhi,Headphones,Electronics,35112,3,2059,0.13
1588,2024-01-07,Priya Singh,Hyderabad,Headphones,Electronics,13713,2,1240,0.11
1589,2024-03-07,Neha Gupta,Mumbai,Headphones,Electronics,16742,2,2524,0.13
1590,2024-01-03,Priya Singh,Mumbai,Mobile,Electronics,23387,1,3453,0.15
1591,2024-06-08,Neha Gupta,Chennai,Mobile,Electronics,34713,3,6003,0.06
1592,2024-01-07,Rajesh Gupta,Ahmedabad,Shoes,Fashion,24734,4,3201,0.11
1593,2024-01-17,Sunil Yadav,Hyderabad,T-shirt,Fashion,42429,1,6123,0.19
1594,2024-01-08,Rohit Kumar,Ahmedabad,Watch,Accessories,5804,3,480,0.29
1595,2024-02-16,Rajesh Gupta,Delhi,Headphones,Electronics,16515,3,2186,0.15
1596,2024-01-26,Kiran Patel,Delhi,Watch,Accessories,24378,3,3591,0.24
1597,2024-05-09,Anjali Mehta,Chennai,Bag,Accessories,50960,3,4966,0.3
1598,2024-04-24,Rohit Kumar,Bangalore,Bag,Accessories,12594,3,769,0.29
1599,2024-01-17,Priya Singh,Delhi,Mobile,Electronics,22830,1,2179,0.07
1600,2024-01-02,Anjali Mehta,Mumbai,Watch,Accessories,30222,3,2895,0.12
1601,2024-05-03,Neha Gupta,Delhi,T-shirt,Fashion,13286,2,898,0.18
1602,2024-04-20,Anjali Mehta,Ahmedabad,Shoes,Fashion,24444,1,1358,0.09
1603,2024-05-01,Kiran Patel,Hyderabad,Shoes,Fashion,31854,1,4288,0.06
1604,2024-04-30,Rahul Sharma,Mumbai,Shoes,Fashion,53931,2,4654,0.29
1605,2024-02-06,Priya Singh,Hyderabad,Headphones,Electronics,57391,3,4641,0.16
1606,2024-04-18,Priya Singh,Kolkata,Watch,Accessories,22404,4,1183,0.27
1607,2024-03-17,Neha Gupta,Bangalore,T-shirt,Fashion,43073,2,7569,0.13
1608,2024-06-21,Rahul Sharma,Delhi,Laptop,Electronics,36359,3,5190,0.14
1609,2024-03-10,Priya Singh,Ahmedabad,Headphones,Electronics,14026,1,2426,0.07
1610,2024-01-22,Rahul Sharma,Kolkata,Watch,Accessories,43055,2,4439,0.15
1611,2024-05-09,Sunil Yadav,Hyderabad,Laptop,Electronics,9381,5,571,0.21
1612,2024-02-28,Rajesh Gupta,Ahmedabad,Watch,Accessories,21165,4,3563,0.08
1613,2024-03-09,Neha Gupta,Ahmedabad,Mobile,Electronics,19055,1,3187,0.3
1614,2024-06-29,Rajesh Gupta,Hyderabad,Headphones,Electronics,9010,5,1172,0.23
1615,2024-05-08,Amit Verma,Kolkata,Headphones,Electronics,19442,5,1879,0.18
1616,2024-04-30,Amit Verma,Kolkata,Laptop,Electronics,26060,3,4085,0.16
1617,2024-02-28,Neha Gupta,Kolkata,Mobile,Electronics,49476,4,2636,0.24
1618,2024-05-30,Pooja Singh,Chennai,Shoes,Fashion,3363,1,296,0.2
1619,2024-02-04,Amit Verma,Hyderabad,Mobile,Electronics,5839,2,911,0.24
1620,2024-01-25,Rohit Kumar,Chennai,Laptop,Electronics,57102,2,5295,0.25
1621,2024-04-13,Amit Verma,Kolkata,Headphones,Electronics,55346,4,5050,0.05
1622,2024-02-02,Amit Verma,Mumbai,Laptop,Electronics,13922,1,1424,0.21
1623,2024-03-11,Pooja Singh,Delhi,Headphones,Electronics,28767,1,3288,0.23
1624,2024-03-05,Rohit Kumar,Mumbai,Watch,Accessories,1268,3,100,0.11
1625,2024-01-28,Rohit Kumar,Kolkata,Laptop,Electronics,40517,3,2710,0.24
1626,2024-03-26,Kiran Patel,Mumbai,Mobile,Electronics,30371,2,2335,0.07
1627,2024-06-22,Rohit Kumar,Chennai,Headphones,Electronics,14832,4,1122,0.14
1628,2024-05-16,Rohit Kumar,Mumbai,Bag,Accessories,46202,3,8077,0.09
1629,2024-03-14,Pooja Singh,Hyderabad,Shoes,Fashion,46185,4,2324,0.25
1630,2024-03-13,Rajesh Gupta,Kolkata,Headphones,Electronics,30485,3,3237,0.13
1631,2024-06-08,Anjali Mehta,Ahmedabad,Laptop,Electronics,25738,4,4505,0.29
1632,2024-01-16,Sunil Yadav,Chennai,Mobile,Electronics,52207,2,9461,0.16
1633,2024-02-26,Kiran Patel,Ahmedabad,Laptop,Electronics,26277,5,1383,0.23
1634,2024-06-20,Amit Verma,Chennai,Mobile,Electronics,29208,4,2354,0.29
1635,2024-06-26,Sunil Yadav,Chennai,Watch,Accessories,10768,4,542,0.2
1636,2024-04-14,Anjali Mehta,Delhi,Shoes,Fashion,28918,2,4491,0.19
1637,2024-05-19,Rahul Sharma,Ahmedabad,Laptop,Electronics,5202,4,961,0.23
1638,2024-05-25,Rahul Sharma,Hyderabad,Shoes,Fashion,41375,3,3947,0.15
1639,2024-01-23,Rahul Sharma,Kolkata,Headphones,Electronics,56240,1,7706,0.27
1640,2024-06-03,Anjali Mehta,Ahmedabad,Bag,Accessories,22901,3,2927,0.08
1641,2024-05-10,Rohit Kumar,Hyderabad,Shoes,Fashion,47799,2,7323,0.22
1642,2024-03-31,Sunil Yadav,Kolkata,T-shirt,Fashion,49793,2,8120,0.2
1643,2024-04-01,Kiran Patel,Ahmedabad,Watch,Accessories,55708,2,4398,0.15
1644,2024-02-11,Kiran Patel,Chennai,Shoes,Fashion,37513,2,3649,0.15
1645,2024-04-15,Priya Singh,Delhi,Headphones,Electronics,19596,1,1094,0.27
1646,2024-03-12,Kiran Patel,Bangalore,Shoes,Fashion,43806,2,2798,0.28
1647,2024-05-23,Rahul Sharma,Kolkata,Bag,Accessories,4930,1,790,0.22
1648,2024-02-07,Rohit Kumar,Hyderabad,Headphones,Electronics,58222,5,9869,0.16
1649,2024-02-18,Kiran Patel,Delhi,Laptop,Electronics,55556,5,5902,0.28
1650,2024-02-26,Sunil Yadav,Mumbai,T-shirt,Fashion,12594,2,751,0.1
1651,2024-01-02,Rajesh Gupta,Ahmedabad,Headphones,Electronics,48150,1,9416,0.09
1652,2024-02-16,Pooja Singh,Hyderabad,Headphones,Electronics,25093,2,2824,0.1
1653,2024-01-23,Rohit Kumar,Kolkata,T-shirt,Fashion,1179,2,93,0.1
1654,2024-02-01,Neha Gupta,Bangalore,Shoes,Fashion,20014,5,1664,0.21
1655,2024-06-15,Priya Singh,Ahmedabad,T-shirt,Fashion,24352,4,2796,0.15
1656,2024-06-27,Sunil Yadav,Ahmedabad,Laptop,Electronics,29163,4,4763,0.29
1657,2024-03-02,Rahul Sharma,Kolkata,Watch,Accessories,51411,3,2875,0.21
1658,2024-05-31,Rahul Sharma,Delhi,Laptop,Electronics,18817,3,2770,0.23
1659,2024-05-16,Rahul Sharma,Bangalore,Headphones,Electronics,57161,1,11155,0.13
1660,2024-02-04,Sunil Yadav,Chennai,Bag,Accessories,53126,1,3908,0.18
1661,2024-05-13,Neha Gupta,Mumbai,Watch,Accessories,53120,5,3647,0.21
1662,2024-03-11,Neha Gupta,Ahmedabad,Watch,Accessories,49836,3,9937,0.21
1663,2024-02-05,Sunil Yadav,Kolkata,Laptop,Electronics,5266,5,493,0.28
1664,2024-01-17,Rajesh Gupta,Delhi,Headphones,Electronics,51096,3,7892,0.29
1665,2024-05-02,Neha Gupta,Bangalore,Laptop,Electronics,6750,5,627,0.07
1666,2024-05-22,Rahul Sharma,Chennai,Watch,Accessories,18642,4,2166,0.26
1667,2024-06-09,Rajesh Gupta,Chennai,Headphones,Electronics,8602,5,1602,0.2
1668,2024-03-17,Rohit Kumar,Delhi,Bag,Accessories,35496,1,2242,0.07
1669,2024-01-29,Rohit Kumar,Hyderabad,Shoes,Fashion,35895,2,6291,0.24
1670,2024-04-29,Amit Verma,Mumbai,Headphones,Electronics,38170,5,4732,0.06
1671,2024-03-22,Pooja Singh,Ahmedabad,Mobile,Electronics,24801,2,1323,0.09
1672,2024-03-27,Rahul Sharma,Chennai,Mobile,Electronics,39406,5,7802,0.26
1673,2024-06-03,Amit Verma,Kolkata,Headphones,Electronics,7801,2,1446,0.24
1674,2024-02-29,Priya Singh,Chennai,Laptop,Electronics,59430,5,8754,0.11
1675,2024-03-08,Pooja Singh,Bangalore,Bag,Accessories,24461,5,3961,0.29
1676,2024-04-14,Rahul Sharma,Bangalore,Watch,Accessories,37978,2,5218,0.07
1677,2024-02-19,Priya Singh,Kolkata,Laptop,Electronics,56963,5,3917,0.14
1678,2024-01-06,Priya Singh,Hyderabad,Mobile,Electronics,47392,4,6235,0.14
1679,2024-01-23,Priya Singh,Hyderabad,Laptop,Electronics,23587,5,2733,0.08
1680,2024-05-26,Anjali Mehta,Hyderabad,T-shirt,Fashion,44464,3,4155,0.21
1681,2024-01-19,Amit Verma,Kolkata,Laptop,Electronics,33548,1,5763,0.24
1682,2024-02-15,Rohit Kumar,Bangalore,Mobile,Electronics,25254,4,1716,0.24
1683,2024-05-26,Kiran Patel,Hyderabad,Laptop,Electronics,34492,2,6084,0.24
1684,2024-02-13,Anjali Mehta,Hyderabad,Mobile,Electronics,48821,5,6431,0.22
1685,2024-05-30,Sunil Yadav,Bangalore,Shoes,Fashion,14255,4,2744,0.13
1686,2024-03-27,Pooja Singh,Ahmedabad,Mobile,Electronics,15041,1,856,0.13
1687,2024-03-10,Rohit Kumar,Bangalore,Bag,Accessories,55461,5,7547,0.21
1688,2024-04-07,Anjali Mehta,Delhi,Laptop,Electronics,58485,2,10371,0.11
1689,2024-04-11,Sunil Yadav,Kolkata,Watch,Accessories,47712,2,5262,0.13
1690,2024-02-06,Neha Gupta,Bangalore,T-shirt,Fashion,19387,4,2412,0.26
1691,2024-04-16,Rohit Kumar,Kolkata,Watch,Accessories,17823,3,1684,0.28
1692,2024-01-03,Priya Singh,Hyderabad,Headphones,Electronics,23249,2,3799,0.23
1693,2024-04-19,Rahul Sharma,Hyderabad,Mobile,Electronics,11333,3,813,0.25
1694,2024-02-12,Rahul Sharma,Hyderabad,Mobile,Electronics,9022,1,1486,0.2
1695,2024-03-29,Amit Verma,Delhi,Bag,Accessories,40933,2,7943,0.27
1696,2024-01-25,Kiran Patel,Chennai,Bag,Accessories,59747,5,6613,0.18
1697,2024-04-07,Pooja Singh,Mumbai,Headphones,Electronics,28333,4,4706,0.27
1698,2024-05-02,Kiran Patel,Hyderabad,Laptop,Electronics,33996,1,2030,0.14
1699,2024-05-17,Rahul Sharma,Kolkata,Shoes,Fashion,9893,3,1174,0.26
1700,2024-02-03,Priya Singh,Bangalore,Headphones,Electronics,58296,2,8226,0.17
1701,2024-06-02,Rohit Kumar,Chennai,T-shirt,Fashion,18928,4,986,0.05
1702,2024-02-16,Rohit Kumar,Mumbai,Mobile,Electronics,20586,3,3330,0.16
1703,2024-04-24,Anjali Mehta,Mumbai,Headphones,Electronics,18481,2,3512,0.11
1704,2024-03-23,Rohit Kumar,Mumbai,Bag,Accessories,18508,1,2822,0.27
1705,2024-06-09,Priya Singh,Kolkata,Headphones,Electronics,37508,5,6231,0.14
1706,2024-04-05,Sunil Yadav,Mumbai,Shoes,Fashion,19929,4,3401,0.08
1707,2024-06-16,Rajesh Gupta,Mumbai,Mobile,Electronics,30255,5,2733,0.26
1708,2024-01-20,Kiran Patel,Hyderabad,Mobile,Electronics,40211,4,5347,0.24
1709,2024-04-17,Rahul Sharma,Ahmedabad,Bag,Accessories,13218,3,958,0.23
1710,2024-05-27,Amit Verma,Mumbai,Shoes,Fashion,34304,2,2955,0.15
1711,2024-02-28,Rahul Sharma,Kolkata,T-shirt,Fashion,3239,5,497,0.06
1712,2024-01-03,Amit Verma,Kolkata,Shoes,Fashion,32659,2,2252,0.3
1713,2024-06-12,Rajesh Gupta,Ahmedabad,Watch,Accessories,40497,2,8066,0.22
1714,2024-04-04,Amit Verma,Ahmedabad,Bag,Accessories,54783,1,6934,0.14
1715,2024-04-01,Amit Verma,Kolkata,Watch,Accessories,25571,3,3128,0.23
1716,2024-02-22,Amit Verma,Hyderabad,Watch,Accessories,49087,3,5633,0.11
1717,2024-06-22,Amit Verma,Hyderabad,Laptop,Electronics,21115,4,1967,0.18
1718,2024-06-22,Rajesh Gupta,Bangalore,Shoes,Fashion,7278,5,1376,0.23
1719,2024-05-20,Anjali Mehta,Hyderabad,Watch,Accessories,53468,4,3701,0.27
1720,2024-01-08,Rohit Kumar,Kolkata,Mobile,Electronics,17097,3,963,0.15
1721,2024-04-20,Kiran Patel,Bangalore,Watch,Accessories,3126,4,217,0.17
1722,2024-04-18,Rahul Sharma,Bangalore,Bag,Accessories,26493,5,3497,0.17
1723,2024-05-16,Neha Gupta,Ahmedabad,T-shirt,Fashion,7291,1,584,0.17
1724,2024-01-09,Neha Gupta,Bangalore,Shoes,Fashion,45164,1,8481,0.26
1725,2024-02-18,Kiran Patel,Hyderabad,Shoes,Fashion,58270,3,4514,0.15
1726,2024-03-18,Rahul Sharma,Bangalore,Shoes,Fashion,9385,3,996,0.12
1727,2024-02-22,Pooja Singh,Delhi,Shoes,Fashion,51309,4,6221,0.3
1728,2024-03-29,Priya Singh,Chennai,Headphones,Electronics,46836,3,3247,0.16
1729,2024-02-03,Rohit Kumar,Hyderabad,Bag,Accessories,19016,1,963,0.28
1730,2024-06-15,Kiran Patel,Mumbai,Watch,Accessories,32240,1,3603,0.15
1731,2024-05-17,Amit Verma,Chennai,T-shirt,Fashion,33451,3,3658,0.09
1732,2024-01-20,Rohit Kumar,Mumbai,Watch,Accessories,3065,4,333,0.19
1733,2024-02-25,Rahul Sharma,Hyderabad,Laptop,Electronics,1786,4,243,0.29
1734,2024-01-18,Priya Singh,Bangalore,Watch,Accessories,52695,3,3523,0.14
1735,2024-04-20,Rahul Sharma,Hyderabad,Bag,Accessories,59614,3,11848,0.16
1736,2024-02-17,Rohit Kumar,Delhi,Mobile,Electronics,43570,3,2359,0.22
1737,2024-01-17,Sunil Yadav,Bangalore,T-shirt,Fashion,35327,2,2178,0.29
1738,2024-04-16,Amit Verma,Chennai,Watch,Accessories,32815,2,4543,0.26
1739,2024-01-31,Rahul Sharma,Hyderabad,Bag,Accessories,27416,5,1620,0.09
1740,2024-05-16,Anjali Mehta,Mumbai,Headphones,Electronics,35493,5,6333,0.22
1741,2024-05-23,Rahul Sharma,Delhi,Headphones,Electronics,16829,5,2780,0.22
1742,2024-04-30,Rahul Sharma,Mumbai,Laptop,Electronics,31228,5,5686,0.27
1743,2024-01-06,Rohit Kumar,Chennai,Mobile,Electronics,1743,2,174,0.3
1744,2024-02-16,Rahul Sharma,Ahmedabad,Mobile,Electronics,50027,2,7667,0.26
1745,2024-02-06,Rajesh Gupta,Bangalore,Bag,Accessories,5305,5,910,0.14
1746,2024-02-08,Neha Gupta,Delhi,Laptop,Electronics,33772,5,2095,0.29
1747,2024-06-24,Rajesh Gupta,Delhi,Laptop,Electronics,47120,5,8626,0.21
1748,2024-03-09,Rajesh Gupta,Delhi,Shoes,Fashion,55560,3,4244,0.16
1749,2024-02-19,Rajesh Gupta,Hyderabad,Shoes,Fashion,44537,3,6071,0.18
1750,2024-03-16,Rajesh Gupta,Kolkata,Mobile,Electronics,52487,1,3317,0.19
1751,2024-04-01,Anjali Mehta,Hyderabad,Shoes,Fashion,3808,2,406,0.22
1752,2024-03-18,Rohit Kumar,Bangalore,T-shirt,Fashion,27842,3,2528,0.13
1753,2024-04-14,Rahul Sharma,Kolkata,Laptop,Electronics,35317,5,4201,0.14
1754,2024-03-11,Rahul Sharma,Kolkata,Bag,Accessories,50829,4,5352,0.3
1755,2024-06-20,Rahul Sharma,Hyderabad,Watch,Accessories,22998,4,2074,0.11
1756,2024-01-05,Rajesh Gupta,Bangalore,Bag,Accessories,18796,3,1638,0.15
1757,2024-06-17,Amit Verma,Hyderabad,T-shirt,Fashion,25663,3,3990,0.26
1758,2024-01-11,Kiran Patel,Mumbai,Laptop,Electronics,10369,1,768,0.23
1759,2024-02-28,Sunil Yadav,Kolkata,Watch,Accessories,34379,2,3824,0.27
1760,2024-06-14,Rajesh Gupta,Mumbai,Headphones,Electronics,40400,2,3359,0.07
1761,2024-06-09,Amit Verma,Mumbai,Watch,Accessories,56946,2,3046,0.3
1762,2024-05-26,Rahul Sharma,Kolkata,Shoes,Fashion,57506,5,3176,0.27
1763,2024-06-12,Amit Verma,Delhi,Watch,Accessories,57364,3,9828,0.06
1764,2024-04-01,Amit Verma,Mumbai,Bag,Accessories,43017,2,8146,0.22
1765,2024-05-12,Sunil Yadav,Chennai,Headphones,Electronics,42761,3,6409,0.11
1766,2024-02-21,Sunil Yadav,Mumbai,Laptop,Electronics,6592,5,739,0.13
1767,2024-02-12,Rahul Sharma,Delhi,T-shirt,Fashion,58120,4,6057,0.19
1768,2024-03-28,Rajesh Gupta,Ahmedabad,Shoes,Fashion,19006,2,1531,0.29
1769,2024-04-25,Priya Singh,Hyderabad,Watch,Accessories,38515,2,5261,0.22
1770,2024-05-18,Pooja Singh,Mumbai,T-shirt,Fashion,6713,3,416,0.19
1771,2024-03-20,Neha Gupta,Chennai,Headphones,Electronics,22596,3,4381,0.29
1772,2024-05-17,Amit Verma,Chennai,Shoes,Fashion,39451,1,2794,0.29
1773,2024-05-25,Rohit Kumar,Chennai,Watch,Accessories,57059,4,10967,0.13
1774,2024-02-05,Amit Verma,Mumbai,Bag,Accessories,37227,5,3451,0.25
1775,2024-05-17,Kiran Patel,Mumbai,Mobile,Electronics,3152,2,424,0.21
1776,2024-05-03,Pooja Singh,Ahmedabad,Laptop,Electronics,11711,2,1874,0.29
1777,2024-01-16,Rohit Kumar,Bangalore,Watch,Accessories,1933,4,312,0.13
1778,2024-05-11,Anjali Mehta,Kolkata,T-shirt,Fashion,10092,5,604,0.29
1779,2024-04-12,Neha Gupta,Ahmedabad,T-shirt,Fashion,28702,4,3684,0.26
1780,2024-05-15,Sunil Yadav,Delhi,Laptop,Electronics,16908,3,2821,0.05
1781,2024-02-18,Anjali Mehta,Mumbai,Laptop,Electronics,1188,1,109,0.22
1782,2024-02-06,Kiran Patel,Mumbai,Mobile,Electronics,11116,3,1817,0.23
1783,2024-01-24,Anjali Mehta,Mumbai,Shoes,Fashion,19274,3,2284,0.16
1784,2024-05-25,Amit Verma,Kolkata,T-shirt,Fashion,23603,2,4287,0.09
1785,2024-03-06,Kiran Patel,Chennai,Shoes,Fashion,17888,4,2944,0.19
1786,2024-05-22,Priya Singh,Hyderabad,T-shirt,Fashion,15774,3,2165,0.13
1787,2024-05-09,Kiran Patel,Mumbai,Bag,Accessories,1420,2,181,0.12
1788,2024-05-06,Amit Verma,Mumbai,Shoes,Fashion,16801,1,2950,0.19
1789,2024-03-24,Priya Singh,Ahmedabad,T-shirt,Fashion,34485,4,3112,0.05
1790,2024-04-18,Anjali Mehta,Chennai,Shoes,Fashion,22203,5,2184,0.28
1791,2024-01-08,Anjali Mehta,Kolkata,Watch,Accessories,27797,4,1879,0.27
1792,2024-03-25,Neha Gupta,Chennai,Shoes,Fashion,59359,5,3968,0.2
1793,2024-02-07,Rohit Kumar,Delhi,Watch,Accessories,51365,3,4982,0.11
1794,2024-01-24,Priya Singh,Bangalore,Mobile,Electronics,39471,2,3141,0.17
1795,2024-06-03,Kiran Patel,Mumbai,Laptop,Electronics,11349,4,1741,0.19
1796,2024-04-16,Neha Gupta,Mumbai,Watch,Accessories,22940,3,4184,0.18
1797,2024-03-10,Amit Verma,Ahmedabad,Laptop,Electronics,57877,1,6960,0.06
1798,2024-01-27,Amit Verma,Chennai,Bag,Accessories,45583,4,7755,0.29
1799,2024-01-20,Kiran Patel,Bangalore,Laptop,Electronics,23768,2,1405,0.14
1800,2024-04-05,Rajesh Gupta,Ahmedabad,Shoes,Fashion,42335,4,6590,0.08
1801,2024-04-26,Sunil Yadav,Mumbai,Shoes,Fashion,20300,5,2919,0.27
1802,2024-01-17,Kiran Patel,Kolkata,Shoes,Fashion,17232,5,2039,0.12
1803,2024-02-26,Rohit Kumar,Kolkata,Headphones,Electronics,50994,1,5635,0.17
1804,2024-03-11,Sunil Yadav,Hyderabad,Shoes,Fashion,42931,4,2190,0.28
1805,2024-05-29,Pooja Singh,Delhi,T-shirt,Fashion,11893,1,2152,0.19
1806,2024-01-15,Amit Verma,Bangalore,Bag,Accessories,53453,5,10610,0.18
1807,2024-03-24,Amit Verma,Delhi,Bag,Accessories,57991,3,8626,0.17
1808,2024-05-07,Rajesh Gupta,Chennai,Laptop,Electronics,42366,5,8270,0.19
1809,2024-05-16,Rajesh Gupta,Ahmedabad,Watch,Accessories,6957,4,789,0.28
1810,2024-04-21,Rajesh Gupta,Chennai,Laptop,Electronics,21682,1,3118,0.1
1811,2024-03-27,Pooja Singh,Chennai,T-shirt,Fashion,45328,1,4300,0.18
1812,2024-05-20,Kiran Patel,Chennai,T-shirt,Fashion,51603,1,8285,0.11
1813,2024-01-26,Rahul Sharma,Hyderabad,Mobile,Electronics,21533,3,2284,0.29
1814,2024-01-19,Kiran Patel,Hyderabad,Watch,Accessories,2403,3,384,0.17
1815,2024-01-12,Rohit Kumar,Bangalore,Headphones,Electronics,9442,2,1035,0.16
1816,2024-04-26,Pooja Singh,Kolkata,Shoes,Fashion,17117,2,3079,0.1
1817,2024-01-06,Rahul Sharma,Ahmedabad,Mobile,Electronics,30784,1,5956,0.17
1818,2024-03-25,Neha Gupta,Hyderabad,Watch,Accessories,19858,4,3345,0.29
1819,2024-01-23,Priya Singh,Chennai,T-shirt,Fashion,7634,3,1366,0.12
1820,2024-06-19,Sunil Yadav,Delhi,Bag,Accessories,59564,5,7013,0.11
1821,2024-01-13,Kiran Patel,Mumbai,T-shirt,Fashion,43519,1,7441,0.25
1822,2024-05-01,Priya Singh,Kolkata,Headphones,Electronics,34958,3,4201,0.2
1823,2024-01-11,Amit Verma,Kolkata,Watch,Accessories,23616,5,2392,0.14
1824,2024-02-22,Sunil Yadav,Kolkata,Laptop,Electronics,9565,1,689,0.1
1825,2024-05-10,Rohit Kumar,Delhi,Bag,Accessories,41848,1,4526,0.08
1826,2024-03-03,Anjali Mehta,Kolkata,T-shirt,Fashion,54452,2,9976,0.2
1827,2024-04-12,Rohit Kumar,Delhi,Headphones,Electronics,31289,5,4782,0.07
1828,2024-04-08,Rajesh Gupta,Ahmedabad,T-shirt,Fashion,47607,1,7574,0.18
1829,2024-06-06,Priya Singh,Hyderabad,Shoes,Fashion,19886,2,1534,0.12
1830,2024-03-22,Rohit Kumar,Chennai,Headphones,Electronics,42231,3,6304,0.1
1831,2024-06-16,Rohit Kumar,Bangalore,Bag,Accessories,55723,2,10453,0.24
1832,2024-01-06,Rohit Kumar,Chennai,Mobile,Electronics,59881,4,3069,0.18
1833,2024-05-11,Priya Singh,Bangalore,Mobile,Electronics,19085,4,2007,0.17
1834,2024-06-14,Kiran Patel,Kolkata,Bag,Accessories,55107,4,7475,0.15
1835,2024-04-08,Anjali Mehta,Delhi,Bag,Accessories,55538,1,10549,0.28
1836,2024-03-04,Sunil Yadav,Hyderabad,T-shirt,Fashion,20349,1,2073,0.18
1837,2024-01-16,Amit Verma,Mumbai,T-shirt,Fashion,23878,1,4238,0.13
1838,2024-03-26,Rohit Kumar,Hyderabad,Shoes,Fashion,52727,5,3378,0.11
1839,2024-02-03,Neha Gupta,Bangalore,Laptop,Electronics,55094,1,3719,0.15
1840,2024-03-10,Rajesh Gupta,Mumbai,Bag,Accessories,41519,1,7876,0.13
1841,2024-01-21,Neha Gupta,Chennai,Headphones,Electronics,46058,1,7622,0.19
1842,2024-03-07,Kiran Patel,Kolkata,Shoes,Fashion,42889,1,6238,0.1
1843,2024-01-26,Amit Verma,Hyderabad,T-shirt,Fashion,51761,4,6942,0.18
1844,2024-06-14,Rajesh Gupta,Chennai,Watch,Accessories,8997,1,1403,0.05
1845,2024-03-29,Rahul Sharma,Mumbai,Laptop,Electronics,10954,3,812,0.19
1846,2024-05-12,Sunil Yadav,Chennai,Shoes,Fashion,49926,3,7117,0.07
1847,2024-05-27,Neha Gupta,Delhi,Laptop,Electronics,32539,3,2160,0.17
1848,2024-05-29,Sunil Yadav,Bangalore,Bag,Accessories,8192,4,1420,0.2
1849,2024-04-20,Sunil Yadav,Bangalore,Laptop,Electronics,6172,4,876,0.08
1850,2024-02-19,Neha Gupta,Mumbai,Bag,Accessories,4240,2,605,0.23
1851,2024-03-19,Rajesh Gupta,Hyderabad,Headphones,Electronics,46671,4,4124,0.3
1852,2024-05-29,Kiran Patel,Mumbai,Mobile,Electronics,31637,3,5901,0.25
1853,2024-02-19,Priya Singh,Bangalore,Headphones,Electronics,6567,3,880,0.21
1854,2024-02-28,Rajesh Gupta,Ahmedabad,Bag,Accessories,34930,4,5091,0.18
1855,2024-02-16,Priya Singh,Chennai,Headphones,Electronics,33960,2,3009,0.14
1856,2024-01-03,Rahul Sharma,Kolkata,Bag,Accessories,49668,4,3039,0.23
1857,2024-05-02,Sunil Yadav,Chennai,Shoes,Fashion,34856,4,2953,0.29
1858,2024-05-05,Priya Singh,Kolkata,T-shirt,Fashion,25221,1,4451,0.12
1859,2024-03-16,Amit Verma,Kolkata,Headphones,Electronics,39250,2,2336,0.1
1860,2024-01-03,Pooja Singh,Bangalore,Headphones,Electronics,10616,2,1444,0.2
1861,2024-01-03,Pooja Singh,Bangalore,Bag,Accessories,53469,1,4844,0.13
1862,2024-04-27,Neha Gupta,Ahmedabad,Headphones,Electronics,26916,2,4563,0.26
1863,2024-05-06,Pooja Singh,Ahmedabad,Shoes,Fashion,20754,1,3585,0.29
1864,2024-02-20,Pooja Singh,Kolkata,T-shirt,Fashion,7651,1,796,0.1
1865,2024-03-10,Anjali Mehta,Delhi,Mobile,Electronics,35487,5,6098,0.09
1866,2024-02-05,Pooja Singh,Bangalore,Headphones,Electronics,7766,4,664,0.06
1867,2024-05-18,Rohit Kumar,Hyderabad,Laptop,Electronics,45624,3,2405,0.23
1868,2024-04-01,Kiran Patel,Kolkata,Laptop,Electronics,30166,5,4016,0.21
1869,2024-06-11,Pooja Singh,Bangalore,Headphones,Electronics,36853,1,7026,0.19
1870,2024-05-26,Rohit Kumar,Kolkata,Watch,Accessories,39564,4,6306,0.09
1871,2024-02-02,Rahul Sharma,Delhi,Laptop,Electronics,898,5,71,0.17
1872,2024-04-30,Anjali Mehta,Chennai,Headphones,Electronics,13761,5,1769,0.09
1873,2024-01-28,Rahul Sharma,Chennai,Mobile,Electronics,5447,2,859,0.29
1874,2024-03-27,Rohit Kumar,Chennai,Bag,Accessories,39747,3,6911,0.13
1875,2024-04-11,Sunil Yadav,Chennai,Headphones,Electronics,19365,3,1284,0.15
1876,2024-05-26,Rohit Kumar,Chennai,Bag,Accessories,21572,4,2689,0.06
1877,2024-02-03,Anjali Mehta,Delhi,Laptop,Electronics,12098,4,804,0.21
1878,2024-02-19,Rahul Sharma,Chennai,Mobile,Electronics,16716,2,1170,0.28
1879,2024-06-06,Rahul Sharma,Ahmedabad,T-shirt,Fashion,26145,1,5058,0.25
1880,2024-01-13,Amit Verma,Chennai,Headphones,Electronics,577,5,46,0.23
1881,2024-04-08,Rahul Sharma,Hyderabad,Laptop,Electronics,36846,1,4143,0.27
1882,2024-02-18,Sunil Yadav,Hyderabad,Shoes,Fashion,58614,5,5115,0.29
1883,2024-04-26,Neha Gupta,Mumbai,Bag,Accessories,20370,1,2301,0.09
1884,2024-05-21,Priya Singh,Mumbai,Laptop,Electronics,53552,2,8588,0.06
1885,2024-06-09,Priya Singh,Ahmedabad,Laptop,Electronics,25574,4,3608,0.26
1886,2024-01-16,Amit Verma,Mumbai,Headphones,Electronics,55346,1,4923,0.05
1887,2024-04-18,Neha Gupta,Hyderabad,Shoes,Fashion,50441,1,3538,0.25
1888,2024-04-08,Rohit Kumar,Mumbai,Laptop,Electronics,57554,4,5187,0.26
1889,2024-03-22,Amit Verma,Delhi,Bag,Accessories,2604,4,207,0.19
1890,2024-01-25,Kiran Patel,Mumbai,Laptop,Electronics,39775,5,6371,0.09
1891,2024-03-10,Anjali Mehta,Delhi,Laptop,Electronics,12604,4,943,0.18
1892,2024-04-15,Rohit Kumar,Ahmedabad,T-shirt,Fashion,42480,1,4131,0.17
1893,2024-01-07,Sunil Yadav,Delhi,Laptop,Electronics,19049,1,3355,0.1
1894,2024-06-15,Rahul Sharma,Hyderabad,Watch,Accessories,58243,4,9155,0.21
1895,2024-05-11,Priya Singh,Mumbai,T-shirt,Fashion,29839,1,2968,0.28
1896,2024-04-21,Rajesh Gupta,Delhi,Laptop,Electronics,50923,1,2894,0.22
1897,2024-02-15,Neha Gupta,Mumbai,Shoes,Fashion,38207,1,4749,0.14
1898,2024-02-05,Amit Verma,Chennai,T-shirt,Fashion,15231,4,2492,0.25
1899,2024-01-11,Rohit Kumar,Delhi,Watch,Accessories,42317,3,2964,0.18
1900,2024-05-15,Kiran Patel,Kolkata,Mobile,Electronics,33427,3,1893,0.18
1901,2024-05-03,Neha Gupta,Kolkata,Laptop,Electronics,10104,2,1908,0.14
1902,2024-04-27,Rajesh Gupta,Chennai,Mobile,Electronics,8566,4,491,0.25
1903,2024-05-27,Pooja Singh,Kolkata,Headphones,Electronics,25545,3,1712,0.05
1904,2024-02-18,Amit Verma,Bangalore,Bag,Accessories,36209,4,2798,0.22
1905,2024-04-09,Amit Verma,Delhi,Laptop,Electronics,36378,5,3445,0.27
1906,2024-06-13,Rahul Sharma,Chennai,Bag,Accessories,47348,2,3094,0.11
1907,2024-01-30,Sunil Yadav,Chennai,Laptop,Electronics,36816,1,4774,0.13
1908,2024-02-03,Anjali Mehta,Bangalore,Shoes,Fashion,7181,4,609,0.26
1909,2024-02-20,Rahul Sharma,Mumbai,Mobile,Electronics,41064,5,6506,0.22
1910,2024-04-20,Kiran Patel,Mumbai,Headphones,Electronics,31351,1,4260,0.09
1911,2024-04-16,Rajesh Gupta,Delhi,Mobile,Electronics,25873,2,2603,0.06
1912,2024-05-17,Rohit Kumar,Chennai,Headphones,Electronics,56298,4,3160,0.24
1913,2024-05-19,Kiran Patel,Chennai,Shoes,Fashion,27823,1,3240,0.21
1914,2024-05-28,Sunil Yadav,Hyderabad,Mobile,Electronics,25986,2,4171,0.17
1915,2024-04-21,Amit Verma,Mumbai,Headphones,Electronics,55363,2,10065,0.08
1916,2024-03-22,Priya Singh,Kolkata,Laptop,Electronics,41499,2,7051,0.25
1917,2024-03-01,Neha Gupta,Delhi,Bag,Accessories,51284,2,8949,0.13
1918,2024-02-21,Rohit Kumar,Chennai,Mobile,Electronics,47174,1,3935,0.1
1919,2024-03-15,Neha Gupta,Hyderabad,Bag,Accessories,51009,5,3902,0.06
1920,2024-01-28,Rahul Sharma,Chennai,Laptop,Electronics,25500,1,2380,0.2
1921,2024-02-17,Amit Verma,Delhi,Headphones,Electronics,2702,2,241,0.08
1922,2024-02-19,Neha Gupta,Delhi,Mobile,Electronics,7953,4,1492,0.26
1923,2024-03-26,Rohit Kumar,Delhi,Headphones,Electronics,17117,1,925,0.05
1924,2024-04-29,Rohit Kumar,Delhi,Headphones,Electronics,41645,5,6010,0.19
1925,2024-04-15,Sunil Yadav,Hyderabad,Bag,Accessories,42108,1,5392,0.22
1926,2024-02-08,Rahul Sharma,Ahmedabad,Shoes,Fashion,57344,2,4126,0.13
1927,2024-01-18,Priya Singh,Ahmedabad,Shoes,Fashion,33179,5,2467,0.26
1928,2024-04-01,Rohit Kumar,Ahmedabad,Watch,Accessories,19654,2,2244,0.17
1929,2024-01-11,Neha Gupta,Hyderabad,Headphones,Electronics,18706,5,1158,0.05
1930,2024-06-17,Rahul Sharma,Ahmedabad,Headphones,Electronics,50641,5,9978,0.27
1931,2024-06-11,Sunil Yadav,Ahmedabad,Shoes,Fashion,49537,3,3233,0.06
1932,2024-01-08,Priya Singh,Delhi,Laptop,Electronics,51344,2,6657,0.27
1933,2024-06-14,Rohit Kumar,Kolkata,Shoes,Fashion,55125,2,4937,0.16
1934,2024-06-05,Sunil Yadav,Hyderabad,T-shirt,Fashion,46744,5,3039,0.22
1935,2024-03-27,Rohit Kumar,Mumbai,Watch,Accessories,56526,4,9315,0.23
1936,2024-03-21,Neha Gupta,Mumbai,Watch,Accessories,45442,5,5116,0.27
1937,2024-02-22,Amit Verma,Hyderabad,Laptop,Electronics,50260,2,4834,0.19
1938,2024-05-02,Priya Singh,Ahmedabad,Mobile,Electronics,49287,2,9279,0.3
1939,2024-04-17,Kiran Patel,Hyderabad,Headphones,Electronics,28508,4,3685,0.17
1940,2024-04-19,Kiran Patel,Delhi,Laptop,Electronics,41130,5,4010,0.25
1941,2024-03-12,Neha Gupta,Kolkata,Headphones,Electronics,41588,1,6894,0.24
1942,2024-05-14,Rohit Kumar,Kolkata,Laptop,Electronics,14009,3,2750,0.07
1943,2024-05-03,Kiran Patel,Ahmedabad,Mobile,Electronics,40103,1,4960,0.1
1944,2024-05-26,Rohit Kumar,Bangalore,Headphones,Electronics,28870,1,5123,0.18
1945,2024-02-15,Rohit Kumar,Bangalore,Laptop,Electronics,14053,3,2534,0.25
1946,2024-05-12,Kiran Patel,Bangalore,Headphones,Electronics,31947,5,2978,0.11
1947,2024-05-01,Neha Gupta,Ahmedabad,Shoes,Fashion,17612,1,1834,0.11
1948,2024-03-09,Amit Verma,Hyderabad,Laptop,Electronics,1524,3,156,0.09
1949,2024-01-19,Pooja Singh,Delhi,Shoes,Fashion,2952,1,551,0.17
1950,2024-02-23,Anjali Mehta,Mumbai,Shoes,Fashion,28841,3,5688,0.11
1951,2024-02-02,Kiran Patel,Chennai,T-shirt,Fashion,50577,3,5184,0.26
1952,2024-03-30,Priya Singh,Bangalore,Mobile,Electronics,49064,1,5481,0.11
1953,2024-03-30,Sunil Yadav,Hyderabad,Mobile,Electronics,3127,1,387,0.27
1954,2024-06-20,Rahul Sharma,Kolkata,Mobile,Electronics,52227,4,9704,0.16
1955,2024-02-13,Kiran Patel,Mumbai,T-shirt,Fashion,31551,2,5196,0.22
1956,2024-03-16,Amit Verma,Delhi,Watch,Accessories,57063,1,7786,0.29
1957,2024-01-20,Rajesh Gupta,Mumbai,Headphones,Electronics,25003,3,2190,0.13
1958,2024-01-15,Priya Singh,Kolkata,Headphones,Electronics,47884,2,2710,0.15
1959,2024-02-10,Anjali Mehta,Kolkata,Laptop,Electronics,16277,3,827,0.1
1960,2024-06-04,Rohit Kumar,Hyderabad,Headphones,Electronics,32779,4,3386,0.2
1961,2024-05-18,Anjali Mehta,Hyderabad,Laptop,Electronics,4685,5,678,0.19
1962,2024-01-01,Priya Singh,Mumbai,Shoes,Fashion,49710,1,5346,0.2
1963,2024-04-27,Anjali Mehta,Delhi,Shoes,Fashion,2790,5,219,0.16
1964,2024-03-31,Sunil Yadav,Bangalore,Mobile,Electronics,25008,3,1257,0.18
1965,2024-04-11,Anjali Mehta,Chennai,Watch,Accessories,54116,1,6733,0.21
1966,2024-02-07,Anjali Mehta,Hyderabad,Mobile,Electronics,31081,4,2382,0.11
1967,2024-03-09,Neha Gupta,Kolkata,Shoes,Fashion,7464,1,722,0.17
1968,2024-06-12,Rohit Kumar,Delhi,Mobile,Electronics,47056,2,6672,0.29
1969,2024-05-05,Kiran Patel,Chennai,Watch,Accessories,52490,4,2664,0.11
1970,2024-05-27,Sunil Yadav,Ahmedabad,T-shirt,Fashion,39496,1,4555,0.24
1971,2024-05-06,Priya Singh,Delhi,Bag,Accessories,23489,1,4594,0.25
1972,2024-03-18,Amit Verma,Delhi,Watch,Accessories,30121,2,2210,0.19
1973,2024-05-16,Rahul Sharma,Delhi,Watch,Accessories,6317,5,637,0.13
1974,2024-06-11,Rohit Kumar,Chennai,Shoes,Fashion,51794,5,7427,0.09
1975,2024-02-01,Rohit Kumar,Hyderabad,Mobile,Electronics,48879,5,3798,0.24
1976,2024-04-03,Pooja Singh,Ahmedabad,Shoes,Fashion,4116,2,340,0.2
1977,2024-02-21,Rohit Kumar,Ahmedabad,Laptop,Electronics,39775,2,2327,0.18
1978,2024-01-14,Rahul Sharma,Bangalore,Mobile,Electronics,23084,4,4455,0.07
1979,2024-02-29,Priya Singh,Hyderabad,Watch,Accessories,1365,4,145,0.14
1980,2024-04-13,Rohit Kumar,Mumbai,Laptop,Electronics,9008,4,1699,0.18
1981,2024-01-02,Priya Singh,Hyderabad,Bag,Accessories,31790,2,5696,0.11
1982,2024-05-10,Sunil Yadav,Ahmedabad,Laptop,Electronics,9519,2,1473,0.11
1983,2024-02-09,Amit Verma,Chennai,T-shirt,Fashion,26727,5,4198,0.27
1984,2024-05-09,Rajesh Gupta,Mumbai,Laptop,Electronics,44558,3,6663,0.21
1985,2024-05-21,Neha Gupta,Hyderabad,Headphones,Electronics,51566,3,7669,0.06
1986,2024-04-30,Kiran Patel,Chennai,Laptop,Electronics,17150,2,2917,0.05
1987,2024-04-05,Sunil Yadav,Mumbai,Watch,Accessories,17842,3,1201,0.22
1988,2024-02-03,Pooja Singh,Hyderabad,Bag,Accessories,42825,5,4644,0.22
1989,2024-01-23,Amit Verma,Ahmedabad,Watch,Accessories,3438,1,588,0.19
1990,2024-03-28,Anjali Mehta,Hyderabad,T-shirt,Fashion,56168,5,9491,0.07
1991,2024-06-04,Kiran Patel,Delhi,Headphones,Electronics,47923,1,3416,0.29
1992,2024-06-20,Neha Gupta,Bangalore,Bag,Accessories,5168,4,345,0.25
1993,2024-02-24,Anjali Mehta,Chennai,T-shirt,Fashion,27437,2,2299,0.22
1994,2024-03-20,Kiran Patel,Hyderabad,Headphones,Electronics,37176,2,4936,0.09
1995,2024-05-07,Rajesh Gupta,Kolkata,Watch,Accessories,27858,4,4386,0.11
1996,2024-01-14,Rajesh Gupta,Delhi,Mobile,Electronics,14624,1,1517,0.19
1997,2024-01-13,Kiran Patel,Ahmedabad,Laptop,Electronics,27518,3,2932,0.18
1998,2024-06-28,Neha Gupta,Chennai,Shoes,Fashion,22198,5,3318,0.12
1999,2024-05-13,Pooja Singh,Chennai,Laptop,Electronics,21333,5,3755,0.1
2000,2024-02-21,Pooja Singh,Bangalore,T-shirt,Fashion,8275,2,1414,0.25
2001,2024-01-24,Pooja Singh,Delhi,Mobile,Electronics,48926,2,5483,0.12
2002,2024-03-15,Rajesh Gupta,Delhi,T-shirt,Fashion,56353,1,7458,0.08
2003,2024-04-20,Kiran Patel,Delhi,T-shirt,Fashion,36575,4,2822,0.06
2004,2024-02-23,Rajesh Gupta,Chennai,T-shirt,Fashion,5959,1,800,0.17
2005,2024-06-11,Rahul Sharma,Delhi,Laptop,Electronics,43609,2,2903,0.19
2006,2024-05-07,Rohit Kumar,Mumbai,Laptop,Electronics,22477,3,4489,0.28
2007,2024-06-17,Rohit Kumar,Hyderabad,Headphones,Electronics,52232,4,7632,0.08
2008,2024-05-10,Pooja Singh,Delhi,Bag,Accessories,41331,3,3429,0.15
2009,2024-03-02,Sunil Yadav,Ahmedabad,T-shirt,Fashion,31471,1,2215,0.13
2010,2024-03-11,Pooja Singh,Ahmedabad,Bag,Accessories,37813,2,7465,0.24
2011,2024-02-15,Neha Gupta,Hyderabad,Shoes,Fashion,53906,4,8155,0.22
2012,2024-02-15,Rahul Sharma,Kolkata,Laptop,Electronics,56162,3,10044,0.11
2013,2024-04-05,Neha Gupta,Kolkata,Mobile,Electronics,24777,4,2200,0.12
2014,2024-02-27,Rajesh Gupta,Delhi,Watch,Accessories,35877,1,4798,0.26
2015,2024-01-25,Anjali Mehta,Ahmedabad,Shoes,Fashion,45651,1,4697,0.14
2016,2024-04-16,Anjali Mehta,Kolkata,Watch,Accessories,42621,5,2307,0.25
2017,2024-06-01,Pooja Singh,Ahmedabad,Laptop,Electronics,41483,5,5232,0.28
2018,2024-04-27,Pooja Singh,Chennai,Bag,Accessories,37100,3,2946,0.21
2019,2024-03-18,Priya Singh,Mumbai,Headphones,Electronics,2540,1,317,0.07
2020,2024-05-22,Neha Gupta,Kolkata,Bag,Accessories,17920,5,2992,0.3
2021,2024-02-14,Sunil Yadav,Chennai,Shoes,Fashion,29318,2,3202,0.07
2022,2024-01-23,Rajesh Gupta,Mumbai,Bag,Accessories,13878,4,2512,0.25
2023,2024-06-01,Neha Gupta,Hyderabad,Headphones,Electronics,41153,5,7333,0.07
2024,2024-01-31,Rahul Sharma,Chennai,Shoes,Fashion,27872,4,4084,0.17
2025,2024-02-07,Neha Gupta,Kolkata,T-shirt,Fashion,38037,2,2107,0.05
2026,2024-02-27,Rohit Kumar,Delhi,Headphones,Electronics,58017,5,7324,0.3
2027,2024-05-28,Sunil Yadav,Bangalore,Shoes,Fashion,10526,4,1549,0.21
2028,2024-05-05,Rajesh Gupta,Mumbai,Laptop,Electronics,36762,4,7028,0.24
2029,2024-01-25,Pooja Singh,Bangalore,T-shirt,Fashion,50377,5,7732,0.27
2030,2024-02-01,Pooja Singh,Hyderabad,T-shirt,Fashion,14125,1,2251,0.22
2031,2024-01-27,Rajesh Gupta,Chennai,Bag,Accessories,6497,2,1027,0.19
2032,2024-04-11,Rahul Sharma,Bangalore,Headphones,Electronics,3289,2,173,0.21
2033,2024-03-25,Kiran Patel,Mumbai,T-shirt,Fashion,31011,4,4505,0.16
2034,2024-02-13,Sunil Yadav,Chennai,Headphones,Electronics,53371,1,5387,0.21
2035,2024-01-11,Kiran Patel,Hyderabad,T-shirt,Fashion,37613,2,1906,0.06
2036,2024-06-28,Priya Singh,Mumbai,Laptop,Electronics,14672,1,1937,0.29
2037,2024-04-08,Pooja Singh,Ahmedabad,Laptop,Electronics,1499,2,83,0.2
2038,2024-02-07,Rahul Sharma,Ahmedabad,Laptop,Electronics,35238,5,2195,0.15
2039,2024-03-06,Pooja Singh,Ahmedabad,Watch,Accessories,14863,3,2580,0.27
2040,2024-04-14,Rahul Sharma,Chennai,Shoes,Fashion,44334,1,2853,0.08
2041,2024-06-27,Rahul Sharma,Bangalore,Watch,Accessories,18287,4,2284,0.22
2042,2024-03-26,Anjali Mehta,Delhi,Shoes,Fashion,50482,5,6814,0.17
2043,2024-05-17,Kiran Patel,Bangalore,Headphones,Electronics,15003,2,1715,0.06
2044,2024-05-31,Anjali Mehta,Kolkata,Watch,Accessories,42675,5,7248,0.17
2045,2024-04-23,Kiran Patel,Bangalore,Laptop,Electronics,20456,3,1980,0.19
2046,2024-02-19,Neha Gupta,Kolkata,T-shirt,Fashion,36837,4,3034,0.26
2047,2024-01-28,Pooja Singh,Hyderabad,Mobile,Electronics,56966,5,8025,0.25
2048,2024-03-18,Rohit Kumar,Hyderabad,Mobile,Electronics,54656,2,10742,0.21
2049,2024-06-29,Rohit Kumar,Delhi,Bag,Accessories,23469,4,3791,0.16
2050,2024-05-03,Rahul Sharma,Hyderabad,Bag,Accessories,57375,3,9006,0.09
2051,2024-03-30,Rahul Sharma,Hyderabad,Watch,Accessories,42547,1,4298,0.22
2052,2024-01-31,Neha Gupta,Mumbai,Mobile,Electronics,34564,3,6218,0.15
2053,2024-02-07,Rahul Sharma,Hyderabad,Headphones,Electronics,11348,4,702,0.23
2054,2024-05-22,Sunil Yadav,Ahmedabad,Bag,Accessories,58844,4,10602,0.25
2055,2024-06-24,Sunil Yadav,Ahmedabad,T-shirt,Fashion,5277,4,347,0.18
2056,2024-06-13,Neha Gupta,Bangalore,Shoes,Fashion,36397,3,4418,0.14
2057,2024-04-20,Neha Gupta,Ahmedabad,Laptop,Electronics,54535,5,4135,0.09
2058,2024-01-29,Sunil Yadav,Hyderabad,Watch,Accessories,42907,5,5777,0.19
2059,2024-03-07,Kiran Patel,Mumbai,Watch,Accessories,29073,4,4295,0.27
2060,2024-05-05,Rajesh Gupta,Ahmedabad,Mobile,Electronics,57517,1,6248,0.12
2061,2024-04-24,Kiran Patel,Bangalore,T-shirt,Fashion,10919,4,579,0.17
2062,2024-03-13,Rohit Kumar,Delhi,Shoes,Fashion,8204,1,1302,0.26
2063,2024-03-20,Amit Verma,Delhi,Bag,Accessories,44428,5,7721,0.1
2064,2024-04-27,Neha Gupta,Ahmedabad,Bag,Accessories,10129,4,1383,0.08
2065,2024-04-10,Neha Gupta,Ahmedabad,Bag,Accessories,20325,1,3719,0.06
2066,2024-02-01,Rohit Kumar,Bangalore,Headphones,Electronics,39864,2,1999,0.2
2067,2024-03-05,Rajesh Gupta,Kolkata,T-shirt,Fashion,9936,3,1573,0.07
2068,2024-05-20,Rohit Kumar,Bangalore,Bag,Accessories,59055,4,11519,0.25
2069,2024-06-13,Kiran Patel,Mumbai,T-shirt,Fashion,36522,5,6649,0.19
2070,2024-06-17,Priya Singh,Kolkata,Headphones,Electronics,12898,1,1260,0.15
2071,2024-06-16,Rajesh Gupta,Kolkata,Mobile,Electronics,30789,5,2252,0.29
2072,2024-01-09,Neha Gupta,Ahmedabad,Headphones,Electronics,26762,1,3878,0.08
2073,2024-02-09,Amit Verma,Ahmedabad,Watch,Accessories,28613,1,3072,0.1
2074,2024-02-21,Rahul Sharma,Bangalore,Mobile,Electronics,32960,2,5648,0.21
2075,2024-03-02,Pooja Singh,Bangalore,Mobile,Electronics,44797,3,3508,0.21
2076,2024-05-20,Neha Gupta,Mumbai,Bag,Accessories,53349,2,4200,0.26
2077,2024-01-14,Amit Verma,Ahmedabad,Mobile,Electronics,13329,2,2593,0.27
2078,2024-05-08,Rahul Sharma,Kolkata,Shoes,Fashion,44466,5,7890,0.28
2079,2024-02-24,Neha Gupta,Chennai,Shoes,Fashion,42263,3,4570,0.15
2080,2024-03-24,Anjali Mehta,Hyderabad,Watch,Accessories,28001,2,2603,0.23
2081,2024-05-08,Rahul Sharma,Mumbai,Laptop,Electronics,28195,2,2546,0.11
2082,2024-02-15,Pooja Singh,Ahmedabad,Bag,Accessories,14997,4,1899,0.08
2083,2024-06-02,Neha Gupta,Ahmedabad,T-shirt,Fashion,21391,5,1760,0.21
2084,2024-04-20,Amit Verma,Hyderabad,Bag,Accessories,6986,2,504,0.05
2085,2024-03-02,Anjali Mehta,Mumbai,Bag,Accessories,7756,4,756,0.09
2086,2024-02-26,Sunil Yadav,Bangalore,Laptop,Electronics,680,5,56,0.1
2087,2024-03-20,Rajesh Gupta,Mumbai,Laptop,Electronics,48646,5,5349,0.14
2088,2024-01-25,Kiran Patel,Mumbai,Bag,Accessories,24548,3,1666,0.09
2089,2024-03-06,Priya Singh,Chennai,Laptop,Electronics,7314,3,763,0.18
2090,2024-05-13,Amit Verma,Delhi,Shoes,Fashion,33417,1,4464,0.11
2091,2024-02-26,Rahul Sharma,Mumbai,T-shirt,Fashion,28562,2,3201,0.19
2092,2024-04-22,Anjali Mehta,Mumbai,T-shirt,Fashion,22688,5,2629,0.21
2093,2024-03-05,Kiran Patel,Hyderabad,T-shirt,Fashion,14168,4,2678,0.3
2094,2024-05-15,Anjali Mehta,Ahmedabad,Laptop,Electronics,58313,1,8278,0.23
2095,2024-02-09,Amit Verma,Hyderabad,Shoes,Fashion,9915,3,1137,0.27
2096,2024-02-19,Sunil Yadav,Bangalore,T-shirt,Fashion,41071,5,6374,0.26
2097,2024-04-27,Rajesh Gupta,Bangalore,Bag,Accessories,45570,4,8439,0.23
2098,2024-02-15,Priya Singh,Ahmedabad,Shoes,Fashion,47790,5,5967,0.11
2099,2024-04-13,Sunil Yadav,Bangalore,Watch,Accessories,20749,1,3789,0.11
2100,2024-05-04,Anjali Mehta,Mumbai,Laptop,Electronics,47724,3,8326,0.16
2101,2024-01-26,Rajesh Gupta,Ahmedabad,Headphones,Electronics,22268,4,2522,0.09
2102,2024-06-03,Priya Singh,Hyderabad,Headphones,Electronics,49914,2,4410,0.08
2103,2024-06-24,Priya Singh,Bangalore,Mobile,Electronics,32109,4,1803,0.25
2104,2024-03-29,Anjali Mehta,Mumbai,Mobile,Electronics,49243,5,6107,0.13
2105,2024-03-28,Rahul Sharma,Ahmedabad,Headphones,Electronics,31414,1,3338,0.19
2106,2024-05-07,Rajesh Gupta,Kolkata,Mobile,Electronics,16901,2,2275,0.08
2107,2024-06-02,Pooja Singh,Kolkata,T-shirt,Fashion,19715,1,2484,0.24
2108,2024-04-26,Sunil Yadav,Kolkata,Laptop,Electronics,51059,1,3223,0.21
2109,2024-02-03,Rohit Kumar,Mumbai,T-shirt,Fashion,37541,2,6335,0.05
2110,2024-03-07,Neha Gupta,Kolkata,Headphones,Electronics,43913,3,2644,0.14
2111,2024-05-26,Pooja Singh,Delhi,T-shirt,Fashion,7189,2,1069,0.13
2112,2024-01-31,Priya Singh,Ahmedabad,T-shirt,Fashion,31689,2,6302,0.07
2113,2024-01-14,Rajesh Gupta,Delhi,Headphones,Electronics,33227,3,2980,0.11
2114,2024-05-03,Sunil Yadav,Kolkata,Bag,Accessories,40441,5,5144,0.29
2115,2024-03-30,Neha Gupta,Bangalore,Laptop,Electronics,58586,4,10216,0.15
2116,2024-06-05,Amit Verma,Delhi,Laptop,Electronics,33556,4,2515,0.14
2117,2024-02-03,Sunil Yadav,Chennai,Mobile,Electronics,29837,1,3827,0.29
2118,2024-04-21,Rahul Sharma,Bangalore,Laptop,Electronics,35982,5,5288,0.16
2119,2024-05-14,Anjali Mehta,Mumbai,Laptop,Electronics,39159,5,4271,0.07
2120,2024-06-21,Anjali Mehta,Hyderabad,Shoes,Fashion,50333,5,4269,0.19
2121,2024-03-23,Amit Verma,Mumbai,Watch,Accessories,2614,1,142,0.09
2122,2024-05-08,Amit Verma,Chennai,Bag,Accessories,26313,1,3746,0.2
2123,2024-04-18,Rohit Kumar,Ahmedabad,Laptop,Electronics,26942,5,2859,0.08
2124,2024-06-04,Rohit Kumar,Mumbai,Bag,Accessories,48050,1,5346,0.25
2125,2024-04-29,Amit Verma,Ahmedabad,Watch,Accessories,39902,1,2659,0.25
2126,2024-06-16,Neha Gupta,Delhi,Watch,Accessories,51190,1,3903,0.23
2127,2024-04-29,Anjali Mehta,Bangalore,Bag,Accessories,31873,3,4044,0.09
2128,2024-05-09,Rahul Sharma,Mumbai,T-shirt,Fashion,41312,2,4679,0.1
2129,2024-01-17,Priya Singh,Delhi,Mobile,Electronics,47031,1,5249,0.3
2130,2024-03-07,Priya Singh,Hyderabad,T-shirt,Fashion,40476,4,3361,0.07
2131,2024-01-17,Pooja Singh,Kolkata,Watch,Accessories,59427,1,4935,0.19
2132,2024-02-14,Amit Verma,Hyderabad,Laptop,Electronics,46571,1,3480,0.19
2133,2024-06-07,Rahul Sharma,Kolkata,Watch,Accessories,15761,4,3059,0.27
2134,2024-04-21,Anjali Mehta,Delhi,Laptop,Electronics,25001,3,1431,0.16
2135,2024-01-07,Anjali Mehta,Bangalore,Shoes,Fashion,51061,4,9908,0.06
2136,2024-01-06,Amit Verma,Hyderabad,Mobile,Electronics,29384,3,2530,0.11
2137,2024-01-22,Neha Gupta,Delhi,Headphones,Electronics,48685,5,7343,0.1
2138,2024-03-02,Pooja Singh,Ahmedabad,Laptop,Electronics,12395,1,2168,0.27
2139,2024-03-26,Anjali Mehta,Kolkata,Shoes,Fashion,48268,4,6007,0.07
2140,2024-04-12,Rohit Kumar,Bangalore,Laptop,Electronics,7963,3,1086,0.27
2141,2024-02-28,Amit Verma,Mumbai,Watch,Accessories,12185,5,2389,0.18
2142,2024-02-26,Priya Singh,Mumbai,Headphones,Electronics,30699,4,3714,0.06
2143,2024-05-04,Anjali Mehta,Mumbai,Headphones,Electronics,43937,5,8174,0.14
2144,2024-05-10,Amit Verma,Delhi,Mobile,Electronics,32244,1,5960,0.25
2145,2024-06-23,Priya Singh,Hyderabad,Bag,Accessories,5712,2,1086,0.16
2146,2024-06-02,Priya Singh,Ahmedabad,Bag,Accessories,35641,4,3042,0.09
2147,2024-01-16,Rahul Sharma,Kolkata,Headphones,Electronics,34350,5,3236,0.25
2148,2024-05-01,Anjali Mehta,Ahmedabad,Mobile,Electronics,23140,5,2895,0.3
2149,2024-03-15,Priya Singh,Hyderabad,Mobile,Electronics,35002,5,2835,0.1
2150,2024-06-17,Kiran Patel,Delhi,Laptop,Electronics,43885,1,2807,0.17
2151,2024-02-16,Pooja Singh,Bangalore,Laptop,Electronics,1891,1,309,0.14
2152,2024-04-11,Rahul Sharma,Delhi,Headphones,Electronics,6116,2,999,0.11
2153,2024-01-24,Rohit Kumar,Bangalore,Shoes,Fashion,32166,4,6411,0.12
2154,2024-04-28,Amit Verma,Kolkata,Headphones,Electronics,23857,1,2708,0.26
2155,2024-01-26,Pooja Singh,Delhi,Mobile,Electronics,15105,2,1332,0.23
2156,2024-04-09,Pooja Singh,Mumbai,Watch,Accessories,42645,4,4452,0.21
2157,2024-06-03,Rahul Sharma,Ahmedabad,Shoes,Fashion,33548,5,3136,0.06
2158,2024-06-02,Anjali Mehta,Delhi,Mobile,Electronics,17070,4,1428,0.25
2159,2024-04-08,Rahul Sharma,Bangalore,Bag,Accessories,40610,4,5008,0.09
2160,2024-04-24,Anjali Mehta,Delhi,Bag,Accessories,50808,3,7043,0.24
2161,2024-05-22,Priya Singh,Kolkata,Mobile,Electronics,53075,3,6046,0.14
2162,2024-02-02,Rahul Sharma,Chennai,Bag,Accessories,21648,3,4240,0.28
2163,2024-02-03,Rohit Kumar,Kolkata,Headphones,Electronics,51900,2,10015,0.21
2164,2024-05-18,Rohit Kumar,Hyderabad,Shoes,Fashion,43953,4,7608,0.23
2165,2024-05-25,Neha Gupta,Ahmedabad,Mobile,Electronics,34470,3,4625,0.26
2166,2024-03-08,Rahul Sharma,Chennai,Shoes,Fashion,19056,5,3771,0.21
2167,2024-03-20,Sunil Yadav,Chennai,Mobile,Electronics,42334,5,5809,0.19
2168,2024-04-09,Pooja Singh,Chennai,Headphones,Electronics,925,2,57,0.17
2169,2024-01-04,Rajesh Gupta,Kolkata,Watch,Accessories,47264,5,4352,0.25
2170,2024-01-09,Rajesh Gupta,Ahmedabad,Watch,Accessories,26925,2,4963,0.15
2171,2024-01-21,Neha Gupta,Delhi,Bag,Accessories,12053,2,2313,0.1
2172,2024-01-30,Rahul Sharma,Kolkata,Shoes,Fashion,3918,1,559,0.3
2173,2024-06-15,Amit Verma,Chennai,T-shirt,Fashion,25146,3,4774,0.22
2174,2024-06-05,Sunil Yadav,Delhi,Bag,Accessories,1469,2,156,0.3
2175,2024-01-09,Anjali Mehta,Delhi,T-shirt,Fashion,54780,4,2858,0.07
2176,2024-04-09,Kiran Patel,Kolkata,Bag,Accessories,21422,5,3322,0.29
2177,2024-04-08,Anjali Mehta,Bangalore,Laptop,Electronics,48481,5,5860,0.2
2178,2024-02-26,Rohit Kumar,Bangalore,Watch,Accessories,16017,4,2927,0.3
2179,2024-05-09,Pooja Singh,Hyderabad,Mobile,Electronics,53018,3,5307,0.21
2180,2024-05-14,Amit Verma,Kolkata,Mobile,Electronics,7464,4,836,0.1
2181,2024-02-10,Pooja Singh,Kolkata,Watch,Accessories,4404,4,395,0.29
2182,2024-01-01,Kiran Patel,Mumbai,Headphones,Electronics,9123,4,515,0.12
2183,2024-02-24,Kiran Patel,Mumbai,Bag,Accessories,53894,1,7356,0.15
2184,2024-05-27,Pooja Singh,Mumbai,Laptop,Electronics,9618,2,1737,0.23
2185,2024-03-20,Kiran Patel,Hyderabad,Headphones,Electronics,4137,1,610,0.06
2186,2024-06-26,Rajesh Gupta,Delhi,T-shirt,Fashion,50674,5,9274,0.1
2187,2024-06-07,Kiran Patel,Chennai,T-shirt,Fashion,10117,4,1016,0.11
2188,2024-05-07,Rajesh Gupta,Bangalore,Laptop,Electronics,23090,5,1787,0.21
2189,2024-03-25,Anjali Mehta,Kolkata,Laptop,Electronics,30035,3,3785,0.17
2190,2024-05-25,Rajesh Gupta,Delhi,Shoes,Fashion,19990,3,1900,0.17
2191,2024-04-14,Pooja Singh,Ahmedabad,Shoes,Fashion,36188,2,2086,0.08
2192,2024-03-11,Rajesh Gupta,Bangalore,Headphones,Electronics,35686,2,4044,0.11
2193,2024-06-09,Pooja Singh,Ahmedabad,T-shirt,Fashion,7791,4,784,0.22
2194,2024-03-28,Rahul Sharma,Ahmedabad,T-shirt,Fashion,16241,3,1448,0.2
2195,2024-04-07,Rohit Kumar,Hyderabad,Headphones,Electronics,45569,3,8277,0.08
2196,2024-01-08,Pooja Singh,Ahmedabad,Headphones,Electronics,44883,2,4245,0.21
2197,2024-02-12,Anjali Mehta,Delhi,Shoes,Fashion,36703,4,4800,0.13
2198,2024-03-18,Sunil Yadav,Kolkata,Shoes,Fashion,46525,5,7636,0.28
2199,2024-03-19,Rohit Kumar,Delhi,Watch,Accessories,19818,1,2219,0.12
